no,Nama Perusahaan,Grup,Alamat,Telepon 1,Telepon 2,Fax
1,"Abdi Budi Mulya, PT", ,"Jl.Raya Perniagaan Baru N0.2A-4C Medan, North Sumatera",061-513243,556262,061-324615
2,"Aek Tarum, PT",Tania Selatan,Jl.Basuki Rahmat No.788 Palembang 30127 South Sumetera,0711-811921,811901,0711-811585
3,Agra Masang Perkasa II, ,JL.A.Yani No.102 B Ranto Prapat Labuhan Batu Sumatera Utara,061-571554,,061-511638
4,Agra Masang Perkasa Plantation, ,JL.A.Yani No.102 B Ranto Prapat Labuhan Batu Sumatera Utara,061-571554,,061-511638
5,"Agra Paracitra, PT", ,JL.A.Yani No.102 B Ranto Prapat Labuhan Batu Sumatera Utara,061-571554,,061-511638
6,"Agri Andalas, PT",RGM,Jl.Simalungun No.1 Medan North Sumatera,061-54326,543527,061-543524
7,"Agricinal, PT", ,"Jl.Kapuas No.16, Bengkulu",0736-26346,,0736-23701
8,"Agrikarsa Cendana, PT",Cisadane Raya,"Jl.Kali Besar Barat No.50 GG,Jakarta 11230",(021)6903334,,(021)6906226
9,"Agritasara Prima, PT", ,"Jl.Kedoya Baru, Blok A-IV/5 Kebon Jeruk, Jakarta Barat",021- 5801462,,021- 5801463
10,"Agro Indah Sembada, PT", ,"Bank Pasifik Building 17th Floor, Jl.Jend.Sudirman Kav.7-8 Jakarta 10220",021-5700700,,021-5704596
11,"Agro Indomas, PT", ,"Bank Surya Building 7th Floor, Jl.MH.Thamrind Jakarta Pusat",021-3902250,,021-3902240
12,"Agro Manunggal, PT",Agro Manunggal,"Wisma Daya,5th floor Jl.Asemka No.21 Jakarta Barat",(021) 6903746 - 48,,(021) 6903745
13,Agro Menara Rahmat,Astra,"Jl.Pulo Ayang raya,Blok OR Kav.1 Kawasan industri Pulogadung      Jakarta Timur",(021)4616555,,(021)4616550
14,"Agro Palindo Sakti, PT",Tania Selatan,Jl.Basuki Rahmat No.788 Palembang 30127 South Sumetera,0711-811901,811921,0711-811585
15,"Agro Teknika Pratama, PT", ,"Jl.Padang Kemiling No.12 Padang, West Sumatera",0751-25132,,0751-50905
16,"Agro Wiratama, PT",Labuan,"Aspak Building, 7th Floor room 705, Jl.H.R.Rasuna, Kav.X-2,      No.4, Kuningan, Jakarta 12950",021-5228794,,021-5228793
17,"Agrodesa Palmaindo, PT", ,"Jl.Dempo Dalam I, No.930, Palembang, South Sumatera",0711- 3120198,,0711- 364186
18,Agrointim Respati,Sinar Mas,"JITJ, 5th Floor, Jl.Mangga Dua Raya Jakarta 14430",021-601796,6017998,021-6016181
19,"Agromuko, PT",Tolan Tiga, Jl.Let.Jen.S.Parman No.217 Medan 20112 North Sumatera,061- 552043,,061- 520908
20,Agropanca Modem,Sinar Mas,"JITJ, 5th Floor, Jl.Mangga Dua Raya Jakarta 14430",021-601796,6017998,021-6016181
21,Agrowiyana,Bakrie,"Wisma Bakri,6th FloorJl.H.R.Rasuna Kav.B-1 Jakarta Selatan",(021)5250192,5250212,(021)5200361
22,Agrowiyana (I),Bakrie,"Wisma Bakri,6th FloorJl.H.R.Rasuna Kav.B-1 Jakarta Selatan",(021)5250192,5250212,(021)5200361
23,Aimer Agromas,Sinar Mas,"JITJ, 5th Floor, Jl.Mangga Dua Raya Jakarta 14430",021-6017996,6017998,021-6016181
24,"Alam Sari Lestari, PT", ,"Sunter Mall Blok 1 No.7, Jl.Danau Sunter Utara Kav.G7 Jakarta 14350",021-6410412,6400759,021-6400760
25,"Alicia Indonesia, PT",Tolan Tiga, Jl.Let.Jen.S.Parman No.217 Medan 20112 North Sumatera,061-552043,,061-520908
26,"Alno Agro Utama, PT", ,Jl.Siti Khadijah No.62 Bengkulu,0736-23678,,0736-23678
27,"Aloer Timur, PT",Monopoli Raya,"Jl.Sunggal No.91 Medan, North Sumatera",061-851744,,061-851625
28,"Amaltani, PT", ,"Jl.Nibungbaru No. 12-14 Medan, North Sumatera",061-532515,535002,061-535002
29,"AMP Plantation, PT",Karya P Nelayan,"Jl.Samudera,No.26,Padang,West Sumatra",(0751)33435,33451,(0751)32483
30,"Amri Bakti Utama, PT", ,"Jl.Wolter Minginsidi No.12, Poso, Central Sulawesi",0452- 21878,21876, 
31,"Anak Tasik, PT",Anglo-Eastem,"Bumi Dewi Building 3rd floor Jl Imam Bonjol,No.16 D Medan,North Sumatra",(061)550496,5561222, 
32,"Anam Koto, PT", ,"Jl.Khatib.Sulaiman Padang, West Sumatera",0751-52217,,0751-53722
33,"Andalas Inti Estate Corp, PT",RGM,"BNI Building, 20th Floor, Jl.Jend.Sudirman Kav.1 Jakarta 10220",021-5707500,,021-5701771
34,"Aneka Inti Persada,",Salim," Central Plaza, 19-21st Floor, Jl.Jend.Sudirman Kav.47 Jakarta 12930",021-5702288,,021-5702244
35,Aneka Multi Kerta, , ,,, 
36,"Antang Ganda Utama, PT",Antang,"PLAZA MASHILL,9th floor Jl.Jendral Sudirman,Kav.25 Jakarta",(021)5229818-22,,(021)5229816
37,"Antar Mustika Segara, PT",Benua Indah,"Jl.Gunung Sahari Raya,No.1 Blok A,No.8-9, 2nd Floor Jakarta Pusat",(021)6299650-53,,(021)6391761
38,Antari Raya,Sinar Mas,"JITJ, 5th Floor, Jl.Mangga Dua Raya Jakarta 14430",021-6017996,6017998,021-6016181
39,"Archipelago Timur Indah, PT",RGM,"BNI Building, 22nd Floor, Jl.Jend.Sudirman Kav.1 Jakarta 10220",021-5707500,,021-5701771
40,"Arco (Aceh Rubbercorp), PT", ,"Jl.Panglima Polim No.118 Langsa, D.I.Aceh",0641- 21123,, 
41,"Arindo Trisejahtera, PT",Surya Dumai,Jl.Teuku Umar No.48 Pekan Baru Riau,0761-36663,36662, 
42,"Asam Jawa, PT",Labuan,"Jl.Gajah Mada No.40, Medan, North Sumatera",061-536379,555217,061-555271
43,"Asiatic Persada, PT",Asiatic Persada,"Price Water House,12th floor,Room 1210 Jl.H.R.Rasuna Said,Kav.C-3,Jakarta      Selatan",(021)5212914,5212915,(021)5212918
44,"Asririmba Wirabhakti, PT", ,Jl.Meranti No.1 Bengkulu,0736-21867,21970,0736-26938
45,Astra Agro lestari Tbk,Astra,"Jl.Pulo Ayang raya,Blok OR Kav.1 Kawasan industri Pulogadung      Jakarta13930",(021)4616555,,(021)4616550
46,"Atakana Company, PT", ,"Jl.Sabarudin No.9 C Medan, North Sumatera",061-740319,740478,021-740478
47,Ayu Sawit Lestari, , ,,, 
48,"Azarupindo Jaya Corporation, PT", ,"Jl.Ciledug Raya No.82 Kebayoran Lama, Jakarta Selatan",021- 7398325,7254650, 
49,"Bagus Sentosa gemilang, PT",Kaestindo,"Sudirman Tower,25th Floor,Jl.Jend.Sudirman Kav .60,Jakarta Selatan",021-5226877,5212345,(021)5226857
50,"Bahari Gembira Ria, PT",Salim," Central Plaza, 7th Floor, Jl.Jend.Sudirman Kav.47 Jakarta 12930",021-2521607,2521568,021-2524593
51,"Bahruny, PT",Bahrun,"Jl.Letkol Martinus Lubis,No.44 Medan,North Sumatra",061- 530689,534779,(061)534779
52,Bakrie Nusantara Plantation,Bakrie,"Wisma Bakri,6th FloorJl.H.R.Rasuna Kav.B-1 Jakarta Selatan",(021)5250192,5250212,(021)5200361
53,"Bakrie Pasaman Plantations, PT",Bakrie,"Wisma Bakrie Jl. H.R Rasuna Kav B-1 Kakarta 12920,Desa Buntut Kisaran      21202,North Sumatra",(021)5250192,5250212(06),(021)5200361
54,"Banda Aceh Sakti Jaya, PT", ,"Jl.Taman Setia Budi Indah Blok RR No.147 Medan, North Sumatera",061-800567,, 
55,"Bandar Sumatera Rubber, PT",Tolan Tiga, Jl.Let.Jen.S.Parman No.217 Medan 20112 North Sumatera,061-552043,,061-520908
56,"Bangun Jaya ALam Permai, PT",Benua Indah,"Jl.Tanjung Tembaga No.8. 2nd Floor Perak Barat Kembangan Surabaya,East      Java",(031)3292125,3294870,(031)3294875
57,"Bangun Maya Indah, PT", , Jl.Gunung Sahari Raya No.1 Blk A No.8-9 2nd Floor Jakarta Pusat,021- 6299650/53,,021- 6391761
58,"Bangun Nusa Indah Lampung, PT",Sungai Budi,"Wisma Budi 8-9th Floor, Jl.HR.Rasuna Said Kav.C-6, Jakarta 12940",021-5213383,,021-5213382
59,Bangun Tatalampung Asri,Sungai Budi,"Wisma Budi 8-9th Floor, Jl.HR.Rasuna Said Kav.C-6, Jakarta 12940",021-5213383,,021-5213382
60,Bantanan Ekajaya,Sinar Mas,"JITJ, 5th Floor, Jl.Mangga Dua Raya Jakarta 14430",021-6017996,6017998,021-6016181
61,"Batuna Negara, PT",Kaestindo,"Sudirman Tower,25th Floor,Jl.Jend.Sudirman Kav .60,Jakarta      Selatan",(021)5226877,5212345,(021)5226857
62,"Bengkulu Sawit Jaya, PT",Agro Manunggal,"Wisma Daya,5th floor Jl.Asemka No.21 Jakarta Barat",(021)6907346,6903748,(021)6903745
63,"Berkatmas Gitapersada, PT", ,"Jl.Tanah Abang III,No.26 G Jakarta Pusat",021- 3440906,3450638,021-3805037
64,"Bersama Sejahtera Sakti, PT",Salim," Central Plaza, 20th Floor, Jl.Jend.Sudirman Kav.47-48 Jakarta      12930",021-5702288,,021-5702244
65,Beurata Maju, , ,,, 
66,Bhadra Cemerlang,Astra,"Jl.Pulo Ayang raya,Blok OR Kav.1 Kawasan industri Pulogadung      Jakarta13930",(021)4616555,,(021)4616550
67,Bhumireksa Nusa Sejati,Salim," Central Plaza, 7th Floor, Jl.Jend.Sudirman Kav.47 Jakarta 12930",021-2521607,2521568,021-2524593
68,"Bilah Plantindo,. PT",Tolan Tiga, Jl.Let.Jen.S.Parman No.217 Medan 20112 North Sumatera,061-552043,,061-520908
69,"Bina Pitri Jaya, PT", ,"Jl.Nangka No.283 B Pekan Baru, Riau",0761-35219,23284,0761-35219
70,Bina Pratama Sekatojaya, ,"JL.P.Diponegoro No,7 Padang 25117 West Sumatera",,, 
71,"Bina Sains Corp, PT",Salim," Central Plaza, 19-21st Floor, Jl.Jend.Sudirman Kav.47 Jakarta 12930",021-5702288,,021-5702244
72,"Binanga Karya, PT",Tania Selatan,Jl.Tan Malaka No.88 ABC Medan North Sumatera,061- 538188,536338,061- 555248
73,Binasawit Abadi Pratama,Sinar Mas,"Wisma KODEL,4th Floor Jl.H.R Rasuna Said Kav.B-4 Jakarta 12920",021-5222306,,021-5222307
74,"Bintang Mahkota, PT", ,"Bima Sakti Plaza, Jl.Jend.Sudirman 143 Pekan Baru Riau",0761- 31633,34804, 
75,"Bintang Mahkota, PT", ,"Bima Sakti Plaza, Jl.Jend.Sudirman 143 Pekan Baru Riau",0761- 31633,34804, 
76,"Bintara Tani Nusantara, PT",Kodel,"Wisma KODEL, 11 th Floor, Jl.H.R.Rasuna Said Kav B-4, Jakarta      12920",021-5222225,,021- 5222225
77,"Bio Nusantara Teknologi Benkulu, PT",Fega,"Jl.Kebon Kacang Raya,No.1.Flat 4, 3rd Floor,Jakarta 10240",(021)3141208,336772,(021)337957
78,Blangkolam-Blangara, ,"Jl.Ir.H.Juanda No.53, Medan, North Sumatera",061- 327548,,061- 515586
79,Bohindomas Permai/Agra Indomas, , ,,, 
80,"Bontipermai Jayaraya, PT",Lyman,"Jl.Abdul Muis No.48-50, Jakarta Pusat",021-3800051,,021-3865725
81,"Borneo IndoSubur, PT",Indo Karya,"GAPURA MAS Building,5th floor.Jl Letjen. S.Parman Kav.91,Slipi,Jakarta      11420",(021)5668383,5667476,(021)5667642
82,"Boswa Megapolish, PT", ,Jl.Waringin No.2 Medan,061-529472,,061-525794
83,"Brohol Catur Lestari, PT", ," Jl.Orion No.25, Medan",061- 522238,,061- 522238
84,"Buana Wira Lestari, PT",Sinar Mas,"JITJ Perkebunan SINARMAS2, 5th Floor, Jl.Mangga Dua Raya Jakarta Utara",021- 60117996,,021- 6016181
85,"Buana Wirasubur Sakti, PT", ,"Jl.PupukTimur IV/88-A, Balikpapan, East Kalimantan",0542- 63188,,0542- 60388
86,"Budi Dwiyasa Perkasa, PT",Sungai Budi,"Wisma Budi 8-9th Floor, Jl.HR.Rasuna Said Kav.C-6, Jakarta 12940",021-5213383,,021-5213282
87,"Budidaya Agrolestari, PT",Benua Indah,"Jl.Gunung Sahari Raya,No.1 Blok A,No.8-9, 2nd Floor Jakarta Pusat",(021)6299650,,(021)6391761
88,Budinusa Ciptawahana,Sungai Budi,"Wisma Budi 8-9th Floor, Jl.HR.Rasuna Said Kav.C-6, Jakarta 12940",021-5213383,,021-5213382
89,Bukit Barisan Indah Prima, , ,,, 
90,Bukit Kautsar, , ,,, 
91,Bukit Safa, , ,,, 
92,"Buluh Cawang Plantation, PT",Tania Selatan,Jl.Basuki Rahmat No.788 Palembang 30127 South Sumetera,0711-811901,811921,0711-811585
93,Bulungan Sarana Utama,Sinar Mas,"JITJ, 5th Floor, Jl.Mangga Dua Raya Jakarta 14430",021-6017996,6017998,021-6016181
94,Bumi Flora II, ,"Jl.Gatot Subroto No.333, Medan",061-546404/5,,061-555528
95,Bumi Flora III, ,"Jl.Gatot Subroto No.333, Medan",061-546404/5,,061-555528
96,"Bumi Flora, PT", ,"Jl.Gatot Subroto No.333, Medan",061-546404/5,,061-555528
97,"Bumi Indo Kapuas, PT",Incasi Jaya,"Jl.Diponegoro,No.7, Padang 25117,West Sumatra",(0751)33142,33147,(0751)32597
98,Bumi Palma Lestari P/P.Sambu,Sinar Mas,"JITJ Building, 5th Floor, Jl.Mangga Dua Raya Jakarta 14430",021-6017996/98,,021-6016181
99,Bumi Permai Lestari,Sinar Mas,"JITJ, 5th Floor, Jl.Mangga Dua Raya Jakarta 14430",021-6017996,6017998,021-6016181
100,"Bumi Permai Lestari, PT",Sinar Mas,"JITJ Perkebunan Sinar Mas II, 5th Floor, Jl.Mangga Dua Raya Jakarta Utara",021-6017996,,021-6016181
101,"Bumi Pratama Khatulistiwa, PT",Karya P Nelayan,"JL.M.T.Haryono,No.23 A,Pontianak,Kalimantan",(0561)31731,,(0561)31731
102,"Bumi Putra Surya Lestari, PT", ,Jl.KH.Zainul Arifin No.1 F Jakarta Pusat,021-3441066,, 
103,"Bumi Raya Investindo, PT",Bumi Raya,Jl.Raya Teluk Betung No.43 Jakarta Pusat,(021)3100238,3101189, 
104,"Bumi Sawindo Permai, PT",Asenda,"Kompleks ROXY MAS,Blok E-2 No.9- 11, JL.KH.Hasyim Ashari,Jakarta      Pusat",(021)3856525,,(021)3856520
105,"Bumi Sawit Permai, PT",Sinar Mas,JITJ Perkebunan Sinar Mas II,021-6017996,,021-6016181
106,Bumi Sentosa Abadi,Sungai Budi,"Wisma Budi 8-9th Floor, Jl.HR.Rasuna Said Kav.C-6, Jakarta 12940",021-5213383,,021-5213382
107,Bumi Warnatama Lestari, ,Jl.Biliton No.15 Jakarta Pusat,021-336578,3907816, 
108,"Bumipalma Lestari Persada, PT",Pulau Sambu,Jl.Rawa Bebek N0.14 Jakarta 14440,021-6690254,6690421,021-6690421
109,"Bumipermai Surya Lestari, PT",Sadin,Jl.KH.Zainul Arifin No.1 F Jakarta Pusat,021-6341375,6341018,021-6337987
110,Bumireksa Nusasejati,Salim," Central Plaza, 19-21st Floor, Jl.Jend.Sudirman Kav.47 Jakarta 12930",021-5702288,,021-5702244
111,Bunga Kemulyaan, ,Jl.Tomang Raya No.6,,, 
112,"Bunga Kemulyaan, PT",Batik Keris,Jl.Tomang Raya No.40.Jakarta 11440,(021)5666261,, 
113,"Cahaya Pelita Andika, PT",Guhara,"Kompleks SINAR Plaza, Blok G, No.13- 14,Jl Guru Patimpus,Medan 20111,North      Sumatra",(061)322849,321324,(061)3218200
114,"Cakradenta Agung Pertiwi, PT",Astra,"Jl. S. Parman Kav. 107, Jakarta",(021)5664687,, 
115,"Cakung Permata Nusa, PT",Astra,"Jl.Pulo Ayang raya,Blok OR Kav.1 Kawasan industri Pulogadung      Jakarta13930",(021)4616555,,(021)4616550
116,"Calista Alam, PT", ,"Jl.Cycas II Blok UU, No.55 Taman Setia Budi Indah, Medan, North Sumatera",061- 800200,812380,021-812380
117,"Caraka Embun Permai, PT",Kaestindo,"Sudirman Tower,25th Floor,Jl.Jend.Sudirman Kav .60,Jakarta Selatan",(021)5226877,,(021)5226857
118,"Cemaru Lestari, PT",Pic,"Jl.Pembangunan I, No.3 Jakarta",021-3803803,,021-3803802
119,"Cemerlang Abadi, PT",Salim," Central Plaza, 3rd Floor, Jl.Jend.Sudirman Kav.47 Jakarta 12930",021-5255414,5255413,021-520748
120,"Cendrago Utama, PT",Sinar Mas,"JITJ, 5th Floor, Jl.Mangga Dua Raya Jakarta 14430",021-6017996,6017998,021-6016181
121,"Cerenti Subur, PT", ,"Jl.Ir.H.Huanda III, No.29, Jakarta Pusat",021-385811,3458662, 
122,"Ceria Karya Pranawa, PT", ,"SELMIS Building 1st-3rd Floor, Jl.Asem Baris Raya Kav 15-16      No.52 Jakarta 12830",021- 8307607,,021-8307606
123,"Cibaliung Tunggal Plantation, PT",Salim," Central Plaza, 3rd Floor, Jl.Jend.Sudirman Kav.47 Jakarta 12930",021- 6702288,,021-5702244
124,"Ciliandra Perkasa, PT",Surya Dumai," Wisma GKBI, 31st Floor, Jl.Jend.Sudirman, Kav 28 Jakarta Selatan",021-5740888,,021-5740383
125,"Cinta Raja, PT", ,Jl.Palangkaraya Baru No.19 Medan,"061- 549989,544690",, 
126,Cipta Daya Sejati, , ,,, 
127,"Cipta Futura, PT", ,Jl.Mayor Ruslan No.4465 Palermbang South Sumatera,0711-311572,,0711-352715
128,Cipta Karya Murdaya,Berca,"Jl.Cikini Raya,No.78,Jakatrta 10330",(021)3141607,,(021)3143529
129,Cipta Narada Sejati,Astra,"Jl.Pulo Ayang raya,Blok OR Kav.1 Kawasan industri Pulogadung      Jakarta13930",(021)4616555,,(021)4616550
130,"Cisadane Sawit Raya, PT",Cisadane Raya,Jl.Kali Besar No.50.Jakarta Barat,(021)6266358,6906190-2,(021)6912569
131,Citrakoprasindotani,Metro,"Gedung Metro, 8th Floor, Jl.H.Samanhudi Pasar Baru, Jakarta Pusat",021-3448684,3843708,021-3843291
132,"Citramandiri Widyanusa, PT",Alatief,"Jl.Veteran,No.23,Padang,West Sumatra",(0751)28083,,(0751)21219
133,"Comismas Wanamaja Agro, PT", ," Manggala Wanabhakti 2nd Floor, Jl.Jend.Gatoto Subroto Jakarta Selatan",,, 
134,"Condong Garut, PT",Citra,"Jl.Wijaya I,No.9 AB,Kebayoran Baru , Jakarta Selatan",(021)7267619,7267620,(021)7267617
135,"Crownixindo Artara, PT", ,"Wijaya Grand Centre Blok E/20, Jl.Wijaya II Jakarta Selatan",021-7202902,7398958, 
136,"Damai Nusa Selawan, PT", ,"Jl.Iskandar Muda No.107, Medan, North Sumatera",061- 569144,556428,061- 569755
137,"Damar Siput, PT", ,JL.A.Yani No.102 B Ranto Prapat Labuhan Batu Sumatera Utara,061-571554,,061-511638
138,"Danuarta Bahagia, PT",Kaestindo,"Menara Imperium 16th floor.Jl. H.R. Rasuna Said,Kav.1.Jakarta 12980",(021)8354040,,(021)8354042
139,"Daria Dharma Pratama , PT",Daria Dharma,"Wisma Daria,J.Iskandarsyah Raya No.7,Kebayoran Baru Jakarta Selatan",,, 
140,Darmali Jaya Lestari,RGM,"BNI Building, 20th Floor, Jl.Jend.Sudirman Kav.1 Jakarta",021-5707500,,021-5701771
141,"Dasa Anugerah Sejati, PT",RGM,"BNI Building, 20th Floor, Jl.Jend.Sudirman Kav.1 Jakarta",021-8400934,,021-8413628
142,Daya Labuan Indah,Labuan,"Jl.Anyelis No.S-28, Cijantung, Jakarta Timur",,, 
143,"Delima Makmur, PT",Napan,"Gedung Bank EXIM, 3rd A Floor, Jl.Tanjung Karang No.3-4a Jakarta 10230",021-3913650/52,,021-3148370
144,"Desa Djaya, PT", ,"Alur Meranti Sungai Liput, Kejuruan Muda Aceh 24477",0641-31086,, 
145,"Dewi Anthika Bahari, PT",Kaestindo,"Menara Imperium 16th floor.Jl. H.R. Rasuna Said,Kav.1.Jakarta 12980",(021)8354040,,(021)8354043
146,"Deya Andharana Kurnia, PT", ,"Kompleks Perkantoran MAJAHIT PERMAI, Jl.Majaoahit 18-22 Blk      B No.111 Jakarta 10160",021-3810975/76,,021-3810975
147,"Dharma Wungu Guna, PT",Danayasa,"Gedung ARTHA GRAHA,6th Floor,Jl.Jend. Sudirman Kav.52-53,Jakarta      12190",(021)5152992,5152678,(021)5152344
148,Djuandasawit Lestari,Sinar Mas,"JITJ, 5th Floor, Jl.Mangga Dua Raya Jakarta 14430",021-6017996,6017998,021-6016181
149,"Duta Palma Nusantara, PT",Duta Palma,"Wisma GKBI,22nd floor, Jl.Jend Sudirman No.28,Jakarta",(021)2511747,2511743,(021)5741526
150,"Duta Sumber Nabati, PT",Benua Indah,"Jl.Gunung Sahari Raya,No.1 Blok A,No.8-9, 2nd Floor Jakarta Pusat",(021)6299650,6269680,(021)6391761
151,"Duta Swakarya Indah, PT",Surya Dumai," Wisma GKBI, 31st Floor, Jl.Jend.Sudirman, Kav 28 Jakarta Selatan",021-5740888,,021-5740383/8
152,"Dwi Reksa Usaha Perkasa, PT",Napan,"c/o PT.London Sumatera Indonesia, Jl.Veteran No.335/76 Palembang      South Sumatera",0711-367152,,0711-367153
153,"Dwi Suryani Bahtera , PT",Kaestindo,"Menara Imperium 16th floor.Jl. H.R. Rasuna Said,Kav.1.Jakarta 12980",(021)8354040,,(021)8354044
154,"Eastern Sumatera Indonesia, PT",Tolan Tiga, Jl.Let.Jen.S.Parman No.217 Medan 20112 North Sumatera,061-552043,,061-520908
155,"Egastuti Nagasakti, PT", ,"Jl.Tanjung Datuk No.81 Pekan Baru, Riau",0761-34942,25472,0761-34942
156,Eka Dura Indonesia I,Astra,"Jl.Pulo Ayang raya,Blok OR Kav.1 Kawasan industri Pulogadung      Jakarta13930",(021)4616555,4612686,(021)4616550
157,Eka Dura Indonesia II,Astra,"Jl.Pulo Ayang raya,Blok OR Kav.1 Kawasan industri Pulogadung      Jakarta13930",(021)4616555,,(021)4616550
158,"Eka Pendawa Sakti, PT", ,JL.A.Yani No.96 Ranto Prapat Labuhan Batu Sumatera Utara,061- 559988,553025,061- 553025
159,Eluan Mahkota, , ,,, 
160,"Eramitra Agrolestari, PT", ,"Jl.Gajah Mada No.61, Jambi",0741-20050,,0741-20195
161,"Fajar Agung Company, PT", ,"Jl.Gedung Arca, No.26-28, Medan North Sumatera",061- 746455,717114,061- 721832
162,"Fajar Baizuri & Brothers, PT", ,Jl.Berkah No 41 Jakarta 12860,021-8304763,,021-8309734
163,"First Mujur Plantations, PT", ,"Komplek SINAR Plaza Blk G No.13-14, Jl.Guru Patimpus Medan      20111, North Sumatera",061-322849,321324,061-321820
164,"Flora Surya Lestari, PT", ,Jl.MH.Thamrind No.128 A Medan North Sumatera,061-710200,7345729,061-719979
165,"Flora Wahana Tata I,II", , ,,, 
166,Forestlestari Dwikarya,Sinar Mas,"JITJ, 5th Floor, Jl.Mangga Dua Raya Jakarta 14430",021-6017996,6017998,021-6016181
167,Ganda Buaninda, , ,,, 
168,"Gandaerah Hendana, PT",Barito,"Wisma BARITO PACIFIC Tower B,4thFloor,Jl.S.Parman,Kav 62-63,Slipi      Jakarta 11410",(021)5358458,,(021)5304271
169,"Gatra Kembang Paseban, PT",Metro,"Gedung Metro, 8th Floor, Jl.H.Samanhudi Pasar Baru, Jakarta Pusat",021-3448684,,021-3843291
170,"Gawi Makmur Kalimantan, PT",Wings,"Jl.Tanah Abang II, No.2 Jakarta 10160",021- 5350538,,021- 3505381
171,Gelora Sawita Makmur,Ika Muda,"LENDMARK Centre,Tower A, 8th floor,Jl. Jend sudirman No.1 Jakarta      12910",(021)5712790,5712853,(021)5712716
172,"Gelora Sawita Sawut, PT",Hokindo,"HOKINDO Building, 5th floor .Jl.Mangga Dua raya,Block F1.No,Jakarta",(021)6011809,,(021)6015750
173,Gemareksa Mekarsari,Lyman,"Jl.Abdul Muis No.46, Jakarta",021-3861010,3846767, 
174,"Gemareksa Mekarsari, PT",Lyman,"Jl.Abdul Muis No.46, Jakarta 10160",021-3861010,3846767, 
175,"Gergas Utama, PT", ,Jl.Rachmadsyah No.140 DE Medan North Sumatera,061-712740,710876,061-710944
176,"Gersindo Minang Plantations, PT",Karya P Nelayan,"Jl.Samudera,No.26,Padang,West Sumatra",(0751)33435,33451,(0751)32484
177,"Graha Cakramulia, PT", ,Jl.Letjen Suprapto No.8 A-B Jakarta 10530,021- 4242605,,021- 4203012
178,"Grahadura Leidongprima, PT", ,Jl.Bilal Harmonis II No.11-15 Medan 20239 Norh Sumatera,061- 611534,612544,061- 612544
179,"Gunung Mas Raya, PT",Salim," Central      Plaza, 20- 21st Floor, Jl.Jend.Sudirman Kav.47-48 Jakarta 12930",021- 5702288,,021- 5702244
180,Gunung Melayu. PT,Salim," Central      Plaza, 21st Floor, Jl.Jend.Sudirman Kav.47-48 Jakarta 12930",021-2526584,,021-2522269
181,"Gunung Sejahtera Dua Indah, PT",Astra,"Jl.Pulo Ayang raya,Blok OR Kav.1 Kawasan industri Pulogadung Jakarta13930",(021)4616555,4612686,(021)4616550
182,"Gunung Sejahtera Ibu Pertiwi, PT",Astra,"Jl.Pulo Ayang raya,Blok OR Kav.1 Kawasan industri Pulogadung Jakarta13930",(021)4616555,4612686,(021)4616550
183,"Gunung Sejahtera Puti Pesona, PT",Astra,"Jl.Pulo Ayang raya,Blok OR Kav.1 Kawasan industri Pulogadung Jakarta13930",(021)4616555,4612686,(021)4616550
184,"Gunung Sejahtera Raman Permai, PT",Astra,"Jl.Pulo Ayang raya,Blok OR Kav.1 Kawasan industri Pulogadung Jakarta13930",(021)4616555,4612686,(021)4616550
185,"Gunung Sejahtera Yoli Makmur, PT",Astra,"Jl.Pulo Ayang raya,Blok OR Kav.1 Kawasan industri Pulogadung Jakarta13930",(021)4616555,4612686,(021)4616550
186,"Gunungsawit Bina Lestari, PT", ,"Jl.Raya Pagarawan Km8 Sungai Liat, Sumatera Selatan",,, 
187,"Guthrie Pecconina, PT",Guthrie,"Jl Bekasi Timur IV ,No.3-A,Jatinegara.Jakarta 13410",(021)8199739,8508434-5,(021)8503735
188,"Hamenisia, PT", ,"Manggala Wanabhakti Building 3rd Flroor, Room 304, Jl.Jend.Gatot      Subroto Jakarta 10270",021- 5703265 ext 5241,,021-5710437
189,"Harapan Hibrida Malabar, PT", ,Jl.Pahlawan No.41-42 A-D Pontianak West Kalimantan,,, 
190,"Hardaya Inti Plantations, PT",Berca,"Jl.Terusan Lembang.No.D 51- 53,Menteng,Jakarta Pusat",(021)3905751,3148505,(021)3908469
191,"Hari Sawit Jaya, PT",RGM,"BNI Building, 22nd Floor, Jl.Jend.Sudirman Kav.1 Jakarta 10220",021-5707500,,021-5701771
192,"Hasil Musi Lestari, PT Perkebunan",Barito,"Wisma BARITO PACIFIC Tower B,4th Floor,Jl.S.Parman,Kav 62-63,Jakarta      11410",(021)5707048,5707018,(021)5304271
193,"Hasjrat Cipta, PT", ,"Jl.Samanhudi No.15 Medan, North Sumatera",061-516076,53887,061-518611
194,Herfinta Farm & Plantation, ,"Jl.Jend.A.Yani No.103, Rantau Prapat, Labuhan Ratu, Sumatera utara",061-517032,, 
195,"Herfinta Farm & Plantation, PT", ,JL.A.Yani No.103 Ranto Prapat Labuhan Batu Sumatera Utara,061- 517032,, 
196,"Hindoli , PT",Cargill,"PANIN Bank Centre,5th Floor,JL.Jendral Sudirman,Senayan,Jakarta 10270",(021)7207003,,(021)7520234
197,"Hutahean, PT", ,Jl.Melur No.143 V,0761-22536,36276,0761-20232
198,"Incasi Raya, PT",Incasi Raya,"Jl.Diponegoro,No.7, Padang 25117,West Sumatra",(0751)31331,32044,(0751)32597
199,"Indah Pontjan, PT", ,Jl.Masjid No.129 Medan      North Sumatera,061-518293,, 
200,"Indhasana Hupasarana, PT",Lyman,"Jl.Abdul Muis No.46, Jakarta 10160",021-3861010,3846767,021-3861032/3
201,"Indhasana Hupasarana, PT", ,"Jl.Tanah Abang II,No.1 G Jakarta",021-3861010,, 
202,Indo Sepadan Jaya, , ,,, 
203,"Indokarya Gemasakti, PT",Indo Karya,"GAPURA MAS Building,5th floor.Jl Letjen. S.Parman Kav.91,Slipi,Jakarta      11420",(021)5668383,5667476,(021)5667482
204,Indoriguna sakti, , ,,, 
205,"Indotruba Tengah, PT",Salim," Central      Plaza, 21st Floor, Jl.Jend.Sudirman Kav.47-48 Jakarta 12930",021-5702288,,021-5702244
206,Indoturba Timur, , ,,, 
207,"Indriplant, PT",Salim," Central Plaza,      20-21st Floor, Jl.Jend.Sudirman Kav.47-48 Jakarta 12930",021-5702288,,021-5702244
208,"Inecda, PT", ,Jl.Biliton No.7 Jakarta Pusat,021-3107064,3107476,021-334807
209,Inti Gerak Maju,Sinar Mas,"JITJ, 5th Floor, Jl.Mangga Dua Raya Jakarta 14430",021-6017996,6017998,021-6016181
210,Inti Indosawit Subur(pirtrans),RGM,"BNI Building, 20th Floor, Jl.Jend.Sudirman Kav.1 Jakarta 10220",021-5707500,,021-5701773
211,"Inti Indosawit Subur, PT",RGM,"BNI Building, 20th Floor, Jl.Jend.Sudirman Kav.1 Jakarta 10220",021-5707500,,021-5701773
212,"Inti Kamparindo Sejahtera, PT", ,"Jl.Setia Budi No.200 Pekan Baru, Riau",0761-31822,, 
213,"Ivo Mas Tunggal, PT",Sinar Mas,"JITJ, 9-10th Floor, Jl.Mangga Dua Raya Jakarta 14430",021-2601088,,021-2601059
214,Jabontara Ekakarsa, , ,,, 
215,"Jakarta Jaya, PT", ,"Jl.Imam Bonjol No.243, Kisaran, North Sumatera",0623-41294,41712, 
216,Jambi Agro Wijaya, , ,,, 
217,Jambi Lampura Seberang, , ,,, 
218,"Jambi Tantiulen, PT", ,"Jl.Gajah Mada No.5, RT 23-07, Jambi",0741-22507,, 
219,"Jamika Raya, PT",Yakin,"JL.P.Diponegoro No,7 Padang 25117 West Sumatera",0751- 31332,32044,0751- 32597
220,"Jammer Tulen, PT",Asiatic Persada,"Price Water House,12th floor,Room 1210 Jl.H.R.Rasuna Said,Kav.C-3,Jakarta      Selatan",(021) 5212914-15,,(021)5212918
221,"Jaya Selamat Abadi, PT", ,"Jl.Jend.Sudirman No.62, Rantau Prapat,North Sumatera",0624- 21360,,0624- 21554
222,"Jayatama Gemareksa, PT", ,Jl.Adityawarman No.43 Jakarta 12160,,, 
223,Johan Santosa I & II, , ,,, 
167,Ganda Buaninda, , ,,, 
168,"Gandaerah Hendana, PT",Barito,"Wisma BARITO PACIFIC Tower B,4thFloor,Jl.S.Parman,Kav 62-63,Slipi      Jakarta 11410",(021)5358458,,(021)5304271
169,"Gatra Kembang Paseban, PT",Metro,"Gedung Metro, 8th Floor, Jl.H.Samanhudi Pasar Baru, Jakarta Pusat",021-3448684,,021-3843291
170,"Gawi Makmur Kalimantan, PT",Wings,"Jl.Tanah Abang II, No.2 Jakarta 10160",021- 5350538,,021- 3505381
171,Gelora Sawita Makmur,Ika Muda,"LENDMARK Centre,Tower A, 8th floor,Jl. Jend sudirman No.1 Jakarta      12910",(021)5712790,5712853,(021)5712716
172,"Gelora Sawita Sawut, PT",Hokindo,"HOKINDO Building, 5th floor .Jl.Mangga Dua raya,Block F1.No,Jakarta",(021)6011809,,(021)6015750
173,Gemareksa Mekarsari,Lyman,"Jl.Abdul Muis No.46, Jakarta",021-3861010,3846767, 
174,"Gemareksa Mekarsari, PT",Lyman,"Jl.Abdul Muis No.46, Jakarta 10160",021-3861010,3846767, 
175,"Gergas Utama, PT", ,Jl.Rachmadsyah No.140 DE Medan North Sumatera,061-712740,710876,061-710944
176,"Gersindo Minang Plantations, PT",Karya P Nelayan,"Jl.Samudera,No.26,Padang,West Sumatra",(0751)33435,33451,(0751)32484
177,"Graha Cakramulia, PT", ,Jl.Letjen Suprapto No.8 A-B Jakarta 10530,021- 4242605,,021- 4203012
178,"Grahadura Leidongprima, PT", ,Jl.Bilal Harmonis II No.11-15 Medan 20239 Norh Sumatera,061- 611534,612544,061- 612544
179,"Gunung Mas Raya, PT",Salim," Central      Plaza, 20- 21st Floor, Jl.Jend.Sudirman Kav.47-48 Jakarta 12930",021- 5702288,,021- 5702244
180,Gunung Melayu. PT,Salim," Central      Plaza, 21st Floor, Jl.Jend.Sudirman Kav.47-48 Jakarta 12930",021-2526584,,021-2522269
181,"Gunung Sejahtera Dua Indah, PT",Astra,"Jl.Pulo Ayang raya,Blok OR Kav.1 Kawasan industri Pulogadung Jakarta13930",(021)4616555,4612686,(021)4616550
182,"Gunung Sejahtera Ibu Pertiwi, PT",Astra,"Jl.Pulo Ayang raya,Blok OR Kav.1 Kawasan industri Pulogadung Jakarta13930",(021)4616555,4612686,(021)4616550
183,"Gunung Sejahtera Puti Pesona, PT",Astra,"Jl.Pulo Ayang raya,Blok OR Kav.1 Kawasan industri Pulogadung Jakarta13930",(021)4616555,4612686,(021)4616550
184,"Gunung Sejahtera Raman Permai, PT",Astra,"Jl.Pulo Ayang raya,Blok OR Kav.1 Kawasan industri Pulogadung Jakarta13930",(021)4616555,4612686,(021)4616550
185,"Gunung Sejahtera Yoli Makmur, PT",Astra,"Jl.Pulo Ayang raya,Blok OR Kav.1 Kawasan industri Pulogadung Jakarta13930",(021)4616555,4612686,(021)4616550
186,"Gunungsawit Bina Lestari, PT", ,"Jl.Raya Pagarawan Km8 Sungai Liat, Sumatera Selatan",,, 
187,"Guthrie Pecconina, PT",Guthrie,"Jl Bekasi Timur IV ,No.3-A,Jatinegara.Jakarta 13410",(021)8199739,8508434-5,(021)8503735
188,"Hamenisia, PT", ,"Manggala Wanabhakti Building 3rd Flroor, Room 304, Jl.Jend.Gatot      Subroto Jakarta 10270",021- 5703265 ext 5241,,021-5710437
189,"Harapan Hibrida Malabar, PT", ,Jl.Pahlawan No.41-42 A-D Pontianak West Kalimantan,,, 
190,"Hardaya Inti Plantations, PT",Berca,"Jl.Terusan Lembang.No.D 51- 53,Menteng,Jakarta Pusat",(021)3905751,3148505,(021)3908469
191,"Hari Sawit Jaya, PT",RGM,"BNI Building, 22nd Floor, Jl.Jend.Sudirman Kav.1 Jakarta 10220",021-5707500,,021-5701771
192,"Hasil Musi Lestari, PT Perkebunan",Barito,"Wisma BARITO PACIFIC Tower B,4th Floor,Jl.S.Parman,Kav 62-63,Jakarta      11410",(021)5707048,5707018,(021)5304271
193,"Hasjrat Cipta, PT", ,"Jl.Samanhudi No.15 Medan, North Sumatera",061-516076,53887,061-518611
194,Herfinta Farm & Plantation, ,"Jl.Jend.A.Yani No.103, Rantau Prapat, Labuhan Ratu, Sumatera utara",061-517032,, 
195,"Herfinta Farm & Plantation, PT", ,JL.A.Yani No.103 Ranto Prapat Labuhan Batu Sumatera Utara,061- 517032,, 
196,"Hindoli , PT",Cargill,"PANIN Bank Centre,5th Floor,JL.Jendral Sudirman,Senayan,Jakarta 10270",(021)7207003,,(021)7520234
197,"Hutahean, PT", ,Jl.Melur No.143 V,0761-22536,36276,0761-20232
198,"Incasi Raya, PT",Incasi Raya,"Jl.Diponegoro,No.7, Padang 25117,West Sumatra",(0751)31331,32044,(0751)32597
199,"Indah Pontjan, PT", ,Jl.Masjid No.129 Medan      North Sumatera,061-518293,, 
200,"Indhasana Hupasarana, PT",Lyman,"Jl.Abdul Muis No.46, Jakarta 10160",021-3861010,3846767,021-3861032/3
201,"Indhasana Hupasarana, PT", ,"Jl.Tanah Abang II,No.1 G Jakarta",021-3861010,, 
202,Indo Sepadan Jaya, , ,,, 
203,"Indokarya Gemasakti, PT",Indo Karya,"GAPURA MAS Building,5th floor.Jl Letjen. S.Parman Kav.91,Slipi,Jakarta      11420",(021)5668383,5667476,(021)5667482
204,Indoriguna sakti, , ,,, 
205,"Indotruba Tengah, PT",Salim," Central      Plaza, 21st Floor, Jl.Jend.Sudirman Kav.47-48 Jakarta 12930",021-5702288,,021-5702244
206,Indoturba Timur, , ,,, 
207,"Indriplant, PT",Salim," Central Plaza,      20-21st Floor, Jl.Jend.Sudirman Kav.47-48 Jakarta 12930",021-5702288,,021-5702244
208,"Inecda, PT", ,Jl.Biliton No.7 Jakarta Pusat,021-3107064,3107476,021-334807
209,Inti Gerak Maju,Sinar Mas,"JITJ, 5th Floor, Jl.Mangga Dua Raya Jakarta 14430",021-6017996,6017998,021-6016181
210,Inti Indosawit Subur(pirtrans),RGM,"BNI Building, 20th Floor, Jl.Jend.Sudirman Kav.1 Jakarta 10220",021-5707500,,021-5701773
211,"Inti Indosawit Subur, PT",RGM,"BNI Building, 20th Floor, Jl.Jend.Sudirman Kav.1 Jakarta 10220",021-5707500,,021-5701773
212,"Inti Kamparindo Sejahtera, PT", ,"Jl.Setia Budi No.200 Pekan Baru, Riau",0761-31822,, 
213,"Ivo Mas Tunggal, PT",Sinar Mas,"JITJ, 9-10th Floor, Jl.Mangga Dua Raya Jakarta 14430",021-2601088,,021-2601059
214,Jabontara Ekakarsa, , ,,, 
215,"Jakarta Jaya, PT", ,"Jl.Imam Bonjol No.243, Kisaran, North Sumatera",0623-41294,41712, 
216,Jambi Agro Wijaya, , ,,, 
217,Jambi Lampura Seberang, , ,,, 
218,"Jambi Tantiulen, PT", ,"Jl.Gajah Mada No.5, RT 23-07, Jambi",0741-22507,, 
219,"Jamika Raya, PT",Yakin,"JL.P.Diponegoro No,7 Padang 25117 West Sumatera",0751- 31332,32044,0751- 32597
220,"Jammer Tulen, PT",Asiatic Persada,"Price Water House,12th floor,Room 1210 Jl.H.R.Rasuna Said,Kav.C-3,Jakarta      Selatan",(021) 5212914-15,,(021)5212918
221,"Jaya Selamat Abadi, PT", ,"Jl.Jend.Sudirman No.62, Rantau Prapat,North Sumatera",0624- 21360,,0624- 21554
222,"Jayatama Gemareksa, PT", ,Jl.Adityawarman No.43 Jakarta 12160,,, 
223,Johan Santosa I & II, , ,,, 
224,"Kalimantan Bina Permai, PT",Lyman,"Gedung SDR, Jl.Abdul Muis No.50 Jakarta 10160",021-3800051,3810945,021-3810928
225,"Kalimantan Kebun Utama, PT",Kaestindo,"Menara Imperium 16th floor.Jl. H.R. Rasuna Said,Kav.1.Jakarta 12980",(021)8354040,,(021)8354045
226,"Kalimantan Ria Sejahtera , PT",RGM,"BNI Building, 20th Floor, Jl.Jend.Sudirman Kav.1 Jakarta 10220",021-5707500,,021-5701771
227,Kalimantan Sanggar Pusaka,Lyman,"Jl.Abdul Muis No.50, Jakarta Pusat",021-3800051,,021-3810928/4
228,"Kalimantara Persada Persawitan, PT",Karya P Nelayan,"CHASE Plaza,23rd floor,Jl.Jend.Sudirman,Kav.21, Jakarta Selatan",(021)5208675,,(021)5208372
229,"Karia Hevea Indonesia, PT",RGM,"Jl.A.Yani, No.38 Medan North Sumatera",061-519053,,061-519053
230,"Karya Agung Megah Utama, PT",Karya P Nelayan,"CHASE Plaza,23rd floor,Jl.Jend.Sudirman,Kav.21, Jakarta Selatan",(021)5208375,,(021)5208372
231,"Karya Canggih Mandirutama, PT",Gajah Tunggal,"Jl.K.H. Ahmad Dahlan,No.200 , Bandar Lampung",(0721)484008,,(0721)489300
232,"Karya Tanah Subur, PT",Astra,"Jl.Pulo Ayang raya,Blok OR Kav.1 Kawasan industri Pulogadung      Jakarta13930",(021)4616555,,(021)4616550
233,Karyanusa Ekadaya, , ,,, 
234,"Karyapratama Agrisejahtera, PT", ,"Jl.Barito Hulu No.28, Banjarmasin, South Kalimantan",0511- 56888,65781,0511- 65775
235,"Kasmar Tiarsembada, PT", ,"Bank Pasifik Building, 17th Floor, Jl.Jend.Sudirman Kav.7-8 Jakarta 10220",021-5700300,5704594,021-5704596
236,Kaswari Unggul, , ,,, 
237,Kebun Pantai Raja II, , ,,, 
238,"Kembayan subur Agro, PT",Batasan Group,"Jl.Pasar Pagi No.16,Jakarta Barat",(021)6903118,6902777,(021)6903123
239,"Kerasaan Indonesia, PT",Tolan Tiga, Jl.Let.Jen.S.Parman No.217 Medan 20112 North Sumatera,061-552043,,061-520908
240,"Kimia Tirta Utama, PT",Astra,"Jl.Pulo Ayang raya,Blok OR Kav.1 Kawasan industri Pulogadung      Jakarta13930",(021)4616555,4612686,(021)4616550
241,"Kinar Lapiga, PT", ,"Jl.Merbabu No.34 C      Medan, North Sumatera",061-519225,517083,061-526473
242,"Kirana Sakernan, PT",Mukti,"Jl.Duta Merlin, Blk E, No.19-20, Jl.Gajah Mada No.3-5 Jakarta 10130",021-6348138,,021-6347734
243,Kresna Duta Agrindo,Sinar Mas,"JITJ 10th Floor, Jl.Mangga Dua Raya Jakarta 14430",021-2601070,,021-2601080
244,"Kresna Duta Agroindustri, PT",Sinar Mas,"JITJ 10th Floor, Jl.Mangga Dua Raya Jakarta 14430",021-2601070,,021-2601080
245,Kridatama Lancar,Salim," Central      Plaza, 20-21st Floor, Jl.Jend.Sudirman Kav.47-48 Jakarta 12930",021-5702288,,021-5702244
246,Kurnia Cakra Sakti, , ,,, 
247,"Kwala Gunung, PT", ,"Jl.HOS.Cokroaminoto, No.16, Medan, North Sumatera",061-525864,626990,061-561076
248,"Ladangrumpun Subur Abadi, PT",Salim," Central      Plaza, 20th Floor, Jl.Jend.Sudirman Kav.47-48 Jakarta 12930",021-5702288,,021-5702244
249,"Laguna Mandiri,PT",Salim," Central      Plaza, 20th Floor, Jl.Jend.Sudirman Kav.47-48 Jakarta 12930",021-5702288,,021-5702244
250,"Lahan Tani Sakti, PT",Salim," Central      Plaza, 20th Floor, Jl.Jend.Sudirman Kav.47-48 Jakarta 12930",021-5702288,,021-5702244
251,"Lamhotma, PT", ,"Jl.Timor No.12 H, Medan, North Sumatera",061-530456,530673,061-519152
252,"Langgeng Muara Makmur, PT",Salim," Central Plaza, 10th Floor, Jl.Jend.Sudirman Kav.47 Jakarta      12930",021-5702288,,021-5702244
253,Laras Astra Kartika,Astra,"Jl.Pulo Ayang raya,Blok OR Kav.1 Kawasan industri Pulogadung      Jakarta13930",(021)4616555,,(021)4616550
254,"Laras Eka Mulia, PT",Batik Keris,"Jl.Tomang Raya No.43,Jakarta 11440",(021)5666261,5644581,(021)5668271
255,"Leidong West indonesia, PT",Sinar Mas,"JITJ, 9-10th Floor, Jl.Mangga Dua Raya Jakarta 14430",021-2601088,,021-2601059
256,Lembah Bhakti, , ,,, 
257,Lembu Jaya, , ,,, 
258,"Lestari Tani Teladan, PT",Astra,"Jl.Pulo Ayang raya,Blok OR Kav.1 Kawasan industri Pulogadung Jakarta13930",(021)4616555,,(021)4616550
259,"Lestari Tani Teladan, PT",Astra,"Jl.Pulo Ayang raya,Blok OR Kav.1 Kawasan industri Pulogadung Jakarta13930",(021)4616555,,(021)4616550
260,Lestari Unggul Jaya (Pirtrans), , ,,, 
261,"Lettawa LTD, PT",Astra,"Jl.Pulo Ayang raya,Blok OR Kav.1 Kawasan industri Pulogadung      Jakarta13930",(021)4616555,,(021)4616550
262,"London Sumatra Indonesia, PT",Napan,"Jl.A.Yani, No.2 Medan 20111 North Sumatera",061-532300,,0431-513596
263,"Maju Perkasa Sawit, PT",Asiatic Persada,"Price Water House,12th floor,Room 1210 Jl.H.R.Rasuna Said,Kav.C-3,Jakarta      Selatan",(021)5212914,5212915,(021)5212918
264,"Mamuang, PT",Astra,"Jl.Pulo Ayang raya,Blok OR Kav.1 Kawasan industri Pulogadung      Jakarta13930",(021)4616555,,(021)4616550
265,"Mara Jaya, PT", ,"Jl.Kepribadian No.7,      Medan, North Sumatera",061-5102333,512010/3, 
266,Maskapai Perkebunan Indorup Sumber Wadung,Sinar Mas,"JITJ, 5th Floor, Jl.Mangga Dua Raya Jakarta 14430",021- 6017996,6017998,021-6016181
267,Matrasawit Sarana Sejahtera, , ,,, 
268,"Megah Pusaka Andalas, PT", ,"PERISAI Plaza 7th Floor, Jl.Pemuda No.7 Medan, North Sumatera",061- 321266,515262,061- 515338
269,Meganusa Inti Sawit,Sinar Mas,"JITJ, 5th Floor, Jl.Mangga Dua Raya Jakarta 14430",021-6017996,6017998,021-6016181
270,"Menara Artapalma, PT",Benua Indah,"Jl.Gunung Sahari Raya,No.1 Blok A,No.8-9, 2nd Floor Jakarta Pusat",(021)6299650-53,,(021)6391761
271,"Merbaujaya Indah Raya, PT", ,"Jl.Sei Denai No.24 Medan, North Sumatera",061-523364,550469,061-523368
272,Meridan Sejati Surya,Surya Dumai," Wisma GKBI, 31st Floor, Jl.Jend.Sudirman, Kav 28 Jakarta      Selatan",021-5740888,,021-5740384/8
273,"Meta Epsi Agro, PT",Medco,"Gedung PANIN BANK Senayan 6th Floor, Jl.Jend.Sudirman, No.1      Jakarta 10270",021-5745272,,021-5735610
274,"Milano, PT", ,"Jl.Patimura No2 Medan,      North Sumatera",061-514867,,061-578814
275,"Minanga Ogan, PT", ,"Jl.Dempol No.17, Palembang, South Sumatera",0711-313377,312792, 
276,"Minerindo Lesari, PT", ,"Jl.Tanah Abang III,No.26 G Jakarta 10160",021- 3440906,3450638,021-3805037
277,"Mitra Inti Sejati, PT",Batasan Group,"Jl.Pasar Pagi No.16,Jakarta Barat",(021)6903118,,(021)6903123
278,"Mitra Ogan, PT",Rajawali,"Jl.KH.Burlian, Km 9 Palembang South Sumatera",0711-415381,,0711-415521
279,"Mitra Puding Mas, PT",Anglo-Eastem,"Bumi Dewi Building 3rd floor Jl Imam Bonjol,No.16 D Medan,North Sumatra",,, 
280,"Mitra Unggul Pusaka, PT",RGM,"BNI Building, 20th Floor, Jl.Jend.Sudirman Kav.1 Jakarta 10220",021-5706047,5702610,021-5701771
281,Moeis I + III,Astra,"Jl.Palang Merah No.102-104,Medan,North Sumatra",(061)510223,517940, 
282,"Moeis, PT",Astra, ,,, 
283,"Monodon Pratama Rubbertindo, PT", , Jl.Sulawesi dalam No.7 Pontianak,0561-37759,46874, 
284,"Monopoli Raya, PT",Monopoli Raya,"Jl.Sunggal No.91 Medan, North Sumatera",061-851744,859744,061-851625
285,"Mukti Agro Lestari, PT",Mukti,"Jl.Duta Merlin, Blk E, No.19-20, Jl.Gajah Mada No.3-5 Jakarta 10130",021-6334818,6321888,021-6337681
286,"Mukti Bangun Perkasa, PT",Mukti,"Jl.Duta Merlin, Blk E, No.19-20, Jl.Gajah Mada No.3-5 Jakarta 10130",021-6334818,6321888,021-6337681
287,Multi Gambut Industri,Hashim,"BRI II,Building, 26th floor Jl.Jendral Sudirman, No.44-46 Jakarta 10210",(021)5713746,,(021)5713861
288,Multi Jaya Perkasa, , ,,, 
289,"Multi Persada Gatramegah, PT", ,Jl.Mangga Besar VIII No.20 Jakarta 11150,021-6295450,,021-6399616
290,Multi Prima Entakray II, ,Jl.Mangga Besar VIII No.20 Jakarta 11150,021-6295451,,021-6399616
291,"Multi Prima Entakray, PT", ,Jl.Mangga Besar VIII No.20 Jakarta 11150,021-6295452,,021-6399616
292,Multimas Nabati Asahan, ,"Kuala Tanjung, Sumatera Utara",,, 
293,"Multrada Multi Maju, PT",Napan,"Gedung Bank EXIM, 3rd A Floor, Jl.Tanjung Karang No.3-4a Jakarta 10230",021-3913650/52,,021-3148369
294,Murini Wood Indah Ind., , ,,, 
295,Murirni Sam-sam I, , ,,, 
296,"Musam Utjing, PT", ,"BBD Building 5rd, Jl.Imam Bonjol No.16 D Medan North Sumatera",061- 556122,,061- 555736
297,"Musi Banyuasin Indah, PT",Tania Selatan,Jl.Basuki Rahmat No.788 Palembang 30127 South Sumetera,0711-811921,911901,0711-811585
298,"Musi Indonesia, PT",Tolan Tiga, Jl.Let.Jen.S.Parman No.217 Medan 20112 North Sumatera,061- 552043,,061- 520908
299,Musim Mas,Musimas, ,,, 
300,Musirawas Citra H, , ,,, 
301,"Mustika Sembuluh, PT", ,"Jl.Bukit Raya No.80 Kel.Palangkaraya, Kec.Pahadut, Palangkaraya, Kalteng",,, 
302,"Mutiara Sawit Agam, PT",Labuan,"Aspak Building, 7th Floor room 705, Jl.H.R.Rasuna, Kav.X-2,      No.4, Kuningan, Jakarta 12950",021- 5228794/5,,021- 5228793
303,"Narata Indah, PT", ,Jl.Medan Banda Aceh No.6 Lhokseumawe D.I.Aceh,0645-56537,, 
304,"Nilam Wangi, PT", ,"Jl.Mesjid 129, Medan, North Sumatera",061-518294,, 
305,Nirmala Agro Lestari,Astra,"Jl.Pulo Ayang raya,Blok OR Kav.1 Kawasan industri Pulogadung      Jakarta13930",(021)4616555,,(021)4616550
306,Nirmala Agung, , ,,, 
307,Nunukan Sarana Jaya,Sinar Mas,"JITJ, 5th Floor, Jl.Mangga Dua Raya Jakarta 14430",021-6017996,6017998,021-6016181
308,Nurinta Baganiasa, , ,,, 
309,Nusantara Chandra,Sinar Mas,"JITJ, 5th Floor, Jl.Mangga Dua Raya Jakarta 14430",021-6017996,6017998,021-6016181
310,"Nusantara Indah Api-api, PT", ,"Jl.Hamka No.11A Air Tawar, Padang, West Sumatera",0751- 50591,56346,0751- 50591
311,Nusantara Muktisentosa, , ,,, 
312,"P.D. Pati, PT", ,Jl.Adam Malik No.68      Medan North Sumatera,061-520885,520228,061-546707
313,"Padang Bolak Jaya, PT",Napan,"Gedung Bank EXIM, 3rd A Floor, Jl.Tanjung Karang No.3-4a Jakarta 10230",021-3913650/52,,021-3148369
314,Padasa Enam Utama,State,"BPD Plaza,19th Floor,Jl Imam Bonjol, No.61 Jakarta Pusat",021-3904862/63,,021-3904866
315,"Palmakharisma Sekawan, PT", ,"Bank Pasifik Building, 11st Floor, Jl.Jend.Sudirman Kav.7-8 Jakarta 10220",021-5706925,5706899,021-5706958
316,"Palmindo Raya, PT",Sinar Mas,"JITJ, 5th Floor, Jl.Mangga Dua Raya Jakarta 14430",021-6017996/98,,021-6016181
317,Pamina Adolina, , ,,, 
318,"Pancaroada Utama Abadi, PT", ,"Jl.Candi Angkasa No.234, Palembang, South Sumatera",0711- 353404,357357, 
319,"Pancasurya Agrindo Perkasa, PT",Surya Dumai," Wisma GKBI, 31st Floor, Jl.Jend.Sudirman,      Kav 28 Jakarta Selatan",,, 
320,"Pangkatan Indonesia, PT",Tolan Tiga, Jl.Let.Jen.S.Parman No.217 Medan 20112 North Sumatera,061-552043,,061-520908
321,"Para Kuala Koptrans, PT", ,JL.A.Yani No.102 B Ranto Prapat Labuhan Batu Sumatera Utara,061-517554,,061-511638
322,Parasawita I, ,JL.A.Yani No.102 B Ranto Prapat Labuhan Batu Sumatera Utara,061-517554,,061-511638
323,"Parasawita, PT", ,JL.A.Yani No.102 B Ranto Prapat Labuhan Batu Sumatera Utara,061-517554,,061-511638
324,Paripurna swakarsa,Salim," Central Plaza, 10th Floor, Jl.Jend.Sudirman Kav.47 Jakarta 12930",021-5702288,,021-5702244
325,"Pasang Kayu I,II",Astra,"Jl.Pulo Ayang raya,Blok OR Kav.1 Kawasan industri Pulogadung      Jakarta13930",(021)4616555,,(021)4616550
326,"Pati Sari, PT", ,"Jl.Mesjid 129, Medan, North Sumatera",061-518293,, 
327,"Patria Kamo, PT", ,"Jl.Hindu No.33, Medan North Sumatera",061-513443,,061-513250
328,"Paya Pinang, PT", ,"Jl.Samanhudi No.15 Medan, North Sumatera",061-516076,53887,061-518611
329,"Payung Negeri Perkasa, PT",Surya Dumai," Wisma GKBI, 31st Floor, Jl.Jend.Sudirman,      Kav 28 Jakarta Selatan",021-5740834,,021-5740837
330,"PD.Perk.Sumatera Utara, PT",State,Jl.Masjid No.173 Medan North Sumatera,,, 
331,"Peputra Materindo, PT", ,"Jl.Prof.M.Yamin SH No.48 B, Peka Baru, Riau",0761- 41382,44762,0761- 44763
332,"Peputra Surya Jaya, PT", ,"Jl.Prof.M.Yamin SH No.48 B, Peka Baru, Riau",0761- 41382,44762,0761- 44763
333,"Perapen, PT",Monopoli Raya,"Jl.Sunggal No.91 Medan, North Sumatera",061-851744,859744,061-851625
334,"Perdana Intisawit Perkasa, PT",Surya Dumai," Wisma GKBI, 31st Floor, Jl.Jend.Sudirman,      Kav 28 Jakarta Selatan",021-5740888,,021-5740383
335,Perimex NV, ,"Jl.Mesjid 129, Medan, North Sumatera",061-518295,, 
336,Perkasa Nusaguna, , ,,, 
337,"Perkebunan Lembah Bakti, PT",Astra,"Jl.Pulo Ayang raya,Blok OR Kav.1 Kawasan industri Pulogadung Jakarta      Timur",(021)4616555,,(021)4616550
338,Perkebunan Nusantara (Mitra Ogan),State,Jl.Sei Sikambing Medan North Sumatera,061-852244,853100,061-855177
339,Perkebunan Nusantara I (Alur Puntie),State,"Jl.Kebon Baru, Langsa, Aceh Timur, D.I.Aceh",0641-21701/04,,064121700/03
340,Perkebunan Nusantara I Sei Buatan,State,"Jl.Kebon Baru, Langsa, Aceh Timur, D.I.Aceh",0641-21701/04,,064121700/03
341,"Perkebunan Nusantara I, PT",State,"Jl.Kebon Baru, Langsa, Aceh Timur, D.I.Aceh",0641-21701/04,,064121700/03
342,Perkebunan Nusantara II Prafi & Arso/Prafi,State,Tanjung Morawa Km 16 Desa Bakalia Tanjung Morawa Medan North Sumatera,061-940164,,061-940233
343,"Perkebunan Nusantara II, PT",State,Tanjung Morawa Km 16 Desa Bakalia Tanjung Morawa Medan North Sumatera,061-940164,,061-940233
344,"Perkebunan Nusantara III, PT",State,Jl.Sei Sikambing Medan North Sumatera,061-852244,853100,061-855177
345,Perkebunan      Nusantara IV (Pirsus I Bgn Sinembah),State,"Pebatu, Tebing Tinggi, Deli North Sumatera",061-21425,21157,061-21064
346,Perkebunan Nusantara IV (Pirtrans),State,"Pebatu, Tebing Tinggi, Deli North Sumatera",061-21425,21157,061-21064
347,Perkebunan Nusantara IV (Sei Bahar)/Pirsus,State,"Pebatu, Tebing Tinggi, Deli North Sumatera",061- 21425,21157,061- 21064
348,"Perkebunan Nusantara IV, PT",State,"Pebatu, Tebing Tinggi, Deli North Sumatera",061-21425,21157,061-21064
349,Perkebunan Nusantara V (Cot Girek),State, ,,, 
350,Perkebunan Nusantara V (Eks PTP II/Pirsus Siak),State, ,,, 
351,Perkebunan Nusantara V (Pitrans),State, ,,, 
352, Perkebunan Nusantara V (Sei      Garo),State, ,,, 
353,Perkebunan Nusantara V Sei Galuh (Pirsus),State, ,,, 
354,Perkebunan Nusantara V Sei Tapung (Pirsus),State, ,,, 
355,"Perkebunan Nusantara V, PT",State,Jl.Ronggoarsito No.40 Pekan Baru Riau,0761-26744,26488,0761-24190
356,Perkebunan Nusantara VI,State, ,,, 
357,Perkebunan Nusantara VI (Padasa 6 Utama),State, ,,, 
358,Perkebunan Nusantara VI (Sangkulirang- Petangis),State, ,,, 
359,"Perkebunan Nusantara VI, PT",State,Jl.Katip Sulaiman No.54 Padang 25137 West Sumatera,0751-40811/14,,0751-40815
360,Perkebunan Nusantara VII (Eks PTP XXIII) (Pir),State,"Jl.Teuku Umar No.300 Bandar Lampung, Lampung",0721- 702233,,0721- 702775
361,Perkebunan Nusantara VII (Sosa/Pir Trans),State,"Jl.Teuku Umar No.300 Bandar Lampung, Lampung",0721- 702233,,0721- 702775
362,"Perkebunan Nusantara VII, PT",State,"Jl.Teuku Umar No.300 Bandar Lampung, Lampung",0721-702233,,0721-702775
363,"Perkebunan Nusantara VIII, PT",State,Jl.Sindang Sirna No.4 Bandung West Java,022-2038966,,022-231455
364,Perkebunan Nusantara X (Tebenan),State, ,,, 
365,"Perkebunan Nusantara XIII, PT",State,Jl.Let.Jen.Sutoyo No.19 Pontianak West Kalimantan,0561-3233,36323,0561-36992
366,"Perkebunan Nusantara XIV, PT",State,Jl.Slamet Riyadi No.14 Ujung Pandang South Sulawesi,0411-444810,,0411-444840
367,"Permata Hijau Pesaman, PT",Karya P Nelayan,"Jl.Samudera,No.26,Padang,West Sumatra",(0751)33435,33451,(0751)32485
368,"Permata Hijau Sarana, PT", ,"Jl.Kapten Marzan, No.16 DE, Pontianak, West Kalimantan",0561- 37101,337773,0561- 37955
369,"Permata Hijau Sawit, PT", ,"Jl.Iskandar Muda No.107, Medan, North Sumatera",061- 577777,569144,061- 569755
370,"Persada Bina Nusantara Abadi, PT",Astra,"Jl.Pulo Ayang raya,Blok OR Kav.1 Kawasan industri Pulogadung Jakarta      Timur",(021)4616555,,(021)4616550
371,"Pertekstilan TD Pardede, PT",Pardede, Jl.Bantam 21 Medan North      Sumatera,061- 558841,521381, 
372,Pertisa Trading Co, , ,,, 
373,"Perusahaan perkebunan dan pertanian, PT",Salim," Central      Plaza, 20- 21st Floor, Jl.Jend.Sudirman Kav.47-48 Jakarta 12930",021- 5702288,,021- 5702244
374,Perusahaan Perkebunan Panigorang,Sinar Mas,"JITJ, 5th Floor, Jl.Mangga Dua Raya Jakarta 14430",021-601796,6017998,021-6016181
375,Petroview Insani, ,Jl.Teluk Betung No.41 Jakarta Pusat,,, 
376,"Pinago Utama, PT", ,Jl.Muara Karang Blok D VII Timur No.92 Jakarta Utara,021-6615408,,021-6615409
377,"Pinang Mas Intiraya, PT", ,"Jl.Setia Budi No.7 Pekan      Baru, Riau",0761-31822,24693,0761-37471
378,"Pinang Witmas Sejati, PT",Napan,Jl.Cideng Barat No.58 B Jakarta 10150,021-3509615/16,,021-3504590
379,Poliplant Sejahtera (pirtrans),Bumi Raya Utama, ,,, 
380,"Prakasarsa Tani Sejati, PT", ,"World Trade Centre 10th Floor, Jl.Jend.Sudirman Kav.29, Jakarta 12910",021-5211285/89,,021-5211294
381,"Purnawira Dharma Upaya, PT",Agro Manunggal,"Wisma Daya,5th floor Jl.Asemka No.21 Jakarta Barat",(021)6903746,6928708, 
382,"Pusaka Megah Bumi Nusantara, PT", ,"Jl.Nibungbaru No. 40-42 Medan, North Sumatera",061- 528512,,"061- 514,304"
383,Puskopad A DAM/I BB, ,"Jl.Rotan No.1 ABC Medan, North Sumatera",061-525450,527270, 
384,"Putri Hijau, PT", ,"Jl.Raden Saleh No.91      Medan, North Sumatera",061-559253,,061-558747
385,"Raja Garuda Mas,",RGM,"BNI Building, 20th Floor, Jl.Jend.Sudirman Kav.1 Jakarta 10220",021-5706047,5702610,021-5701771
386,Rama Flora Sejahtera,Sinar Mas,"JITJ, 5th Floor, Jl.Mangga Dua Raya Jakarta 14430",021-601796,6017998,021-6016181
387,Ramajaya Pramukti,Sinar Mas,"JITJ, 5th Floor, Jl.Mangga Dua Raya Jakarta 14430",021-601796,6017998,021-6016181
388,"Rantau Sinar Karsa, PT",RGM,"UNI Plaza 5th Floor, Jl.MT.Haryono AI, Medan North Sumatera",061-532788,532532, 
389,"Rapala, PT", ,JL.A.Yani No.19 Ranto Prapat Labuhan Batu Sumatera Utara,061-518364,556107,061-519461
390,Ratna Seruni, , ,,, 
391,"Raya Mannah Putra, PT", ,"Jl.Sudirman No.71 Manna, South Bengkulu",0739-21129,22454, 
392,Reakaltim, ,"Jl.Imam Bonjol, No.32, Samarinda 75113, East Kalimantan",0541-32898,,0541-32537
393,Riguna Agri Utama (Pirtrans), , ,,, 
394,Rigunas Agri Uata (Pirtrans), , ,,, 
395,"Risjad Sumber Kirana , PT",Napan,"Gedung Bank EXIM, 3rd A Floor, Jl.Tanjung Karang No.3-4a Jakarta 10230",021-3913650/52,, 
396,Rudi Agung Laksana, , ,,, 
397,"Sacona Persada, PT",Asiatic Persada,"Price Water House,12th floor,Room 1210 Jl.H.R.Rasuna Said,Kav.C-3,Jakarta      Selatan",(021)5212914-15,,(021)5212918
398,"Sahabat Mewah Makmur, PT", ,"Jl.Tanah Abang III,No.26 G Jakarta Pusat",021- 3805108,3440906, 
399,"Sahabat Mineralindo Pertiwi, PT", ,"Jl.Tanah Abang III,No.26 G Jakarta Pusat",021- 3805108,3440906, 
400,"Sahabat Mineralindo Tangguh, PT", ,"Jl.Tanah Abang III,No.26 G Jakarta Pusat",021- 3805108,3440906, 
401,"Sajang Heulang, PT",Salim," Central      Plaza, 20-21st Floor, Jl.Jend.Sudirman Kav.47-48 Jakarta 12930",021-5702288,,021-5702244
402,"Sakti Sawit Jaya, PT", ,"Jl.Prof.M.Yamin SH No.42 B, Peka Baru, Riau",0761- 33342,32485,0761- 31130
403,Salam Ivomas Pratama,Salim," Central Plaza, 20th Floor, Jl.Jend.Sudirman Kav.47 Jakarta 12930",021-5702288,, 
404,"Salam Ivomas Pratama, PT",Salim," Central      Plaza, 20- 21st Floor, Jl.Jend.Sudirman Kav.47-48 Jakarta 12930",021- 5702288,,021- 5702244
405,"Sandika Natapalma, PT",Benua Indah,"Jl.Gunung Sahari Raya,No.1 Blok A,No.8-9, 2nd Floor Jakarta Pusat",(021)6299650-53,,(021)6391761
406,Sanggata Andalan Utama, , ,,, 
407,Sapta Karya Damai, , ,,, 
408,"Sarana Abadi, CV", ,"Jl.Kol.H.Barlian, Km.7 No.420, Palembang",0711-412369,, 
409,"Sarana Abadi, PT", ,"Jl.Kol.H.Barlian, Km.7 No.420, Palembang",0711-412369,, 
410," Sardo Bhakti Cipta, PT", ,Jl.Mataraman Raya No.17 Jakarta Timur,,, 
411,Sari Aditia Loka (pirtrans),Astra,"Jl.Pulo Ayang raya,Blok OR Kav.1 Kawasan industri Pulogadung Jakarta13930",(021)4616555,,(021)4616550
412,"Sari Aditya Loka, PT",Astra,"Jl.Pulo Ayang raya,Blok OR Kav.1 Kawasan industri Pulogadung      Jakarta13930",(021)4616555,,(021)4616550
413,Sari Lembah Subur (pirtrans),Astra,"Jl.Pulo Ayang raya,Blok OR Kav.1 Kawasan industri Pulogadung Jakarta13930",(021)4616555,,(021)4616550
414,"Sari Lembah Subur, PT",Astra,"Jl.Pulo Ayang raya,Blok OR Kav.1 Kawasan industri Pulogadung      Jakarta13930",(021)4616555,,(021)4616550
415,Sarpindo Graha Sawit, , ,,, 
416,"Satya Agung, PT", ,"Jl.Asia, No.137 Medan, North Sumatra",061-717599,,061-717420
417,"Satya Kisma Utama, PT",Sinar Mas,"JITJ, 9-10th Floor, Jl.Mangga Dua Raya Jakarta 14430",021-2601070,,021-2601080
418,"Saudara Sedjati Luhur, PT",RGM,"BNI Building, 20th Floor, Jl.Jend.Sudirman Kav.1 Jakarta 10220",021-5707500,,021-5701771
419,"Sawindo Kencana, PT", ,"Graha Kencana Building 8th Floor, Jl.Raya Perjuanagan No.88      Kebon Jeruk Jakarta Barat",021-5325905,,021-5359070
420,Sawir Jambi Lestari (pirtrans),Asiatic Persada,"Price Water House,12th floor,Room 1210 Jl.H.R.Rasuna Said,Kav.C-3,Jakarta      Selatan",(021)5212914-15,,(021)5212918
421,"Sawir Jambi Lestari, PT",Asiatic Persada,"Price Water House,12th floor,Room 1210 Jl.H.R.Rasuna Said,Kav.C-3,Jakarta      Selatan",(021)5212914-15,,(021)5212918
422,Sawit Asahan Indah,Astra,"Jl.Pulo Ayang raya,Blok OR Kav.1 Kawasan industri Pulogadung      Jakarta13930",(021)4616555,,(021)4616550
423,"Sawit Desa Makmur, PT",Asiatic Persada,"Price Water House,12th floor,Room 1210 Jl.H.R.Rasuna Said,Kav.C-3,Jakarta      Selatan",(021)5212914-15,,(021)5212918
424,Sawit Mas Sejahtera,Sinar Mas,"JITJ, 5th Floor, Jl.Mangga Dua Raya Jakarta 14430",021-601796,6017998,021-6016181
425,"Sawit Selatan, PT",Tania Selatan,Jl.Basuki Rahmat No.788 Palembang 30127 South Sumetera,"0711-811901,811921",,0711-811585
426,"Sebatin, PT", ,"Jakarta Theater 4th Floor, Jl.MH.Thamrin No.9 Jakarta Pusat",021-330837,3158614,021-3159883
427,"Sedang Tengah, PT", ,"Jl.Kunyit No.15 Medan,      North Sumatera",061-322318,, 
428,Sekar Bumi Alam Lestari,Sekar, ,,, 
429,"Selatan Jaya Permai, PT",Tania Selatan,Jl.Basuki Rahmat No.788 Palembang 30127 South Sumetera,0711-811901,811921,0711-811585
430,Semadam, , ,,, 
431,"Semadam, PT", ,"Jl.Nibung Raya      No.93, Medan, North Sumatera",061-526852,527452,061-527452
432,"Sembada Senah Maju, PT", ,"Jl.Teuku Umar No.10 Medan, North Sumatera",061- 555457,555472,061- 553819
433,"Senyiur Permai, PT", ,"Jl.Gajah Mada No.37, Samarinda, Kalimantan Timur",,, 
434,"Serba Huta Jaya, PT", ,"Jl.KH.Ahmad Dahlan, No.21 Rantau Prapat, North Sumatera",0624-21549,, 
435,"Serdang Hilir, PT", ,"Jl.Kunyit No.15 Medan,      North Sumatera",061-322318,, 
436,"Serdang Hulu, PT", ,"Jl.Ir.H.Juanda No.53, Medan, North Sumatera",061-327548,,061-515586
437,"Serikat Putra, PT",Salim," Central      Plaza, 20-21st Floor, Jl.Jend.Sudirman Kav.47-48 Jakarta 12930",021-5702288,,021-5702244
438,"Sewangi Sejati Luhur, PT", ,"Jl.Ir.H.Juanda No.37, Medan, North Sumatera",061- 569800,,061- 564247
439,"Siak Seraya, PT", ,"Jl.Prof.M.Yamin SH No.30 B, Peka Baru, Riau",0761-33789,33729,0761-33775
440,"Sijabut, PT", ,"Jl.HOS.Cokroaminoto, No.16, Medan, North Sumatera",061-525864,,061-561076
441,"Silvana Budipratama, PT", ,"Jl.Cempaka Putih IV B, No.1 Jakarta Pusat",021- 4205842/43,,021- 4205844
442,"Simpang Kiri Plantation, PT",Tolan Tiga, Jl.Let.Jen.S.Parman No.217 Medan 20112 North Sumatera,061-552043,,061-520908
443,"Sinar Dinamika Kapuas, PT",Lyman,"Jl.Abdul Muis No.50, Jakarta Pusat",021-3800051,,021-3810928/4
444,"Sinar Gunung Sawit Raya, PT", ,Jl.Cakrawati No 17 Medan North Sumatera,061-565338,,061-538596
445,Sinar Kencana Inti Perkasa,Sinar Mas,"JITJ, 5th Floor, Jl.Mangga Dua Raya Jakarta 14430",021-601796,6017998,021-6016181
446,"Sinar Lapiga, PT", ,"Jl.Merbabu No.34 B      Medan, North Sumatera",061-553831,519225, 
447,"Sinar Pandawa, PT", ,"Jl.Kejaksaaan No.7,      Medan, North Sumatera",061-551447,570855,061-562364
448,"Singaland Asetama, PT", ,"Jl.Barito Hulu No.28, Banjarmasin, South Kalimantan",0511- 56888,65781,0511- 65775
449,"Sisiriau, PT",Napan,"Gedung Bank EXIM, 3rd A Floor, Jl.Tanjung Karang No.3-4a Jakarta 10230",021-3913650/52,,021-3148369
450,"Smart Corporation, PT",Sinar Mas,"JITJ Building, 9-10th Floor, Jl.Mangga Dua Raya Jakarta 14430",021-26010188,,021-2601059
451,Socfindo II,Socfin,"Jl.Kolonel Laut Yos Sudarso Medan,North Sumatra",061-616066,,061-614390
452,Socfindo II,Socfin,"Jl.Kolonel Laut Yos Sudarso Medan,North Sumatra",061-616066,,061-614390
453,"Socfindo, PT",Socfin,"Jl.Kolonel Laut Yos Sudarso Medan,North Sumatra",061-616066,,061-614390
454,"Soeloeng Laut, PT", ,"Jl.HOS.Cokroaminoto, No.16, Medan, North Sumatera",061- 525864,,061- 561076
455,"Sri Kuala, PT",Salim,Jl.Kuala Simpang Aceh Timur D.I.Aceh,0641- 31126,,0641- 31380
456,"Sri Perlak, PT", ,"Jl.HOS.Cokroaminoto, No.16, Medan, North Sumatera",061-525864,, 
457,"Sri Rahayu Agung, PT", ,Jl.KH.Wahid Hasyim No.59 Medan North Sumatera,061- 546671,, 
458,"Sri Timur, PT", ,JL.A.Yani No.19 A Ranto Prapat Labuhan Batu Sumatera Utara,061-518364,, 
459,"Subur Arum Makmur I, II", ," Wisma GKBI, 31st Floor, Jl.Jend.Sudirman, Kav 28 Jakarta Selatan",021-5740834,,021-5740837
460,"Subur Arum Makmur, PT",Surya Dumai," Wisma GKBI, 31st Floor, Jl.Jend.Sudirman, Kav 28 Jakarta      Selatan",021-5740834,,021-5740837
461,"Subur Ladang Harapan, PT",Benua Indah,"Jl.Gunung Sahari Raya,No.1 Blok A,No.8-9, 2nd Floor Jakarta Pusat",(021)6299650,,(021)6391761
462,"Sugih Indah Sentosa, PT", ,"Jl.Ir.H.Juanda No.33, Pekan Baru Riau",0761-33378,,0761-34753
463,Sukajadi Sawit Mekar, ,"Jl.Tjilik Riwut Km 2,5 No.003, Palangkaraya, Kalteng",,, 
464,"Sukajadi Sawit Mekar, PT", ,"Jl.Tjilik Riwut Km 2,5 No.003, Palangkaraya, Kalteng",,, 
465,"Sukses Tani Nusa Subur, PT",Astra,"Jl.Pulo Ayang raya,Blok OR Kav.1 Kawasan industri Pulogadung Jakarta13930",(021)4616555,,(021)4616550
466,"Sulaiman Saleh H,UPP , PT",Monopoli Raya,"Jl.Sunggal No.91 Medan, North Sumatera",061-851744,859744,061-851625
467,"Sulawesi Trans Mandiri, PT", ,"Manggala Wanabhakti Building 3rd Flroor, Room 304, Jl.Jend.Gatot      Subroto Jakarta 10270",021-5732793,,021-5710437
468,"Sulawesi Wanabakti Lestari I, PT", ,"Manggala Wanabhakti Building 3rd Flroor, Room 304, Jl.Jend.Gatot      Subroto Jakarta 10270",021-5732793,,021-5710437
469,"Sumber Andalas K I, II",Incasi Raya,"Jl.Diponegoro,No.7, Padang 25117,West Sumatra",(0751)33147,31332,(0751)32597
470,"Sumber Andalas Kencana, PT",Incasi Raya,"Jl.Diponegoro,No.7, Padang 25117,West Sumatra",(0751)33147,31332,(0751)32597
471,"Sumber Asih , PT",Monopoli Raya,"Jl.Sunggal No.91 Medan, North Sumatera",061-851744,859744,061-851625
472,"Sumber Harapan Sarana, PT", ,"Jl.Cideng Barat No.28, AA Jakarta 10140",021-3802828,,021-359329
473,"Sumber Indah Perkasa, PT",Sinar Mas,"JITJ, 5th Floor, Jl.Mangga Dua Raya Jakarta 14430",021-601796,6017998,021-6016181
474,Sumber Jaya Indah N, , ,,, 
475,"Sumber Mahardika Graha, PT", ,Jl.Letjen Suprapto No.8 A-B Jakarta 10530,021- 4203012,4242605,021-4203011
476,"Sumber Sawit Makmur, PT", ,"Jl.Samanhudi No.15 Medan, North Sumatera",061-516076,53887,061-518611
477,"Sumber Tani Agung, PT", ,"Jl.Raya Perniagaan Baru N0.2 AC Medan, North Sumatera",061- 513243,556262,061- 324615
478,"Sungei Pinang, PT", ,"Jl.Jenggala, No.1 AB, Medan North Sumatera",061-567518,,061-519418
479,"Supra Matra Abadi, PT",RGM,"BNI Building, 10th Floor, Jl.Jend.Sudirman Kav.1 Jakarta 10220",021-5707500,,021-5701771
480,"Surya Barokah, PT", ,"Bank Pasifik Building, 10th Floor, Jl.Jend.Sudirman Kav.7-8 Jakarta 10220",,, 
481,"Surya Borneo Asri, PT", ,"Jl.DR.Setiabudi, No.223, Pontianak, West Kalimantan",0561- 30468,41677,0561- 41684
482,"Surya Bratasena Plantation, PT", ,"Jl.Kedoya Baru, Blok A-IV/5 Kebon Jeruk, Jakarta Barat",021- 5801462,,021- 5801463
483,"Surya Deli, PT", ,"Jl.KH.A..Dahlan No.42, Pontianak, West Kalimantan",0561-30926,, 
484,Surya Dumah Agrindo,Surya Dumai,Jl.Kuantan Raya No.6 Pekan Baru,0761- 33600,, 
485,"Surya Dumai Agrindo, PT",Surya Dumai," Wisma GKBI, 31st Floor, Jl.Jend.Sudirman, Kav 28 Jakarta      Selatan",021-5740834,,021-5740837
486,Surya Indah Nusantara Pagi,Astra,"Jl.Pulo Ayang raya,Blok OR Kav.1 Kawasan industri Pulogadung Jakarta13930",(021)4616555,,(021)4616550
487,Surya Inti Sarijaya, , ,,, 
488,"Surya Intisari Raya, PT",Surya Dumai," Wisma GKBI, 31st Floor, Jl.Jend.Sudirman, Kav 28 Jakarta      Selatan",021-5740888,,021-5740388
489,"Surya Makmur, PT",Tolan Tiga, Jl.Let.Jen.S.Parman No.217 Medan 20112 North Sumatera,061- 552043,,061- 520908
490,"Surya Nataye, PT",Monopoli Raya,"Jl.Sunggal No.91 Medan, North Sumatera",061-851744,859744,061-851625
491,Surya Panen Subur,Astra,"Jl.Pulo Ayang raya,Blok OR Kav.1 Kawasan industri Pulogadung      Jakarta13930",(021)4616555,,(021)4616550
492,Surya Raya Lestari,Astra,"Jl.Pulo Ayang raya,Blok OR Kav.1 Kawasan industri Pulogadung      Jakarta13930",(021)4616555,,(021)4616550
493,Surya Raya Lestari (pirtrans),Astra,"Jl.Pulo Ayang raya,Blok OR Kav.1 Kawasan industri Pulogadung Jakarta13930",(021)4616555,,(021)4616550
494,"Suryaindah Nusantarapagi, PT",Astra,"Jl.Pulo Ayang raya,Blok OR Kav.1 Kawasan industri Pulogadung Jakarta13930",(021)4616555,,(021)4616550
495," Swadaya Andika, PT",Salim," Central      Plaza, 20th Floor, Jl.Jend.Sudirman Kav.47-48 Jakarta 12930",021-5702288,,021-5702244
496,"Swakarsa Sinar Sentosa, PT",Astra,"JL.Ir.Haji Juanda III, No.24, Jakarta Pusat",,, 
497,Swakarya Adhi Usaha,Sinar Mas,"JITJ, 5th Floor, Jl.Mangga Dua Raya Jakarta 14430",021-601796,6017998,021-6016181
498,Swarna Nusa Sentosa, ,"Jl.Jend.Sudirman 243, Sungai Liat, Bangka Sumatera Selatan",,, 
499,Swarna Nusa Sentosa, ,"Jl.Pemuda No.10 Sungai Liat, Bangka, South Sumatera",0717-93511/12,,0717-93514
500,"Syubrasta, PT", ,Jl.Sultan Iskandar Muda No.222 Medan North Sumatera,061-525335,523241, 
501,"Tamaco Grah Krida,PT",Salim," Central Plaza, 7th Floor, Jl.Jend.Sudirman Kav.47 Jakarta 12930",021-6702288,,021-5702244
502,"Tambera, PT", ,"Jl.Mesjid 129, Medan, North Sumatera",061-518296,, 
503,"Tamiang Sari, PT", ,Jl.Ampel No.62 Medan North      Sumatera,061- 511351,, 
504,"Tanah Abang Indonesia, PT",Tolan Tiga, Jl.Let.Jen.S.Parman No.217 Medan 20112 North Sumatera,061-552043,,061-520908
505,Tanah Tanjung Plateu, ," Jl.Dana Indah Barat Blok A9 No.7, Sunter Jaya, Jakarta Utara",,, 
506,"Tanah Tanjung Plateu, PT", ," Jl.Dana Indah Barat Blok A9 No.7, Sunter Jaya, Jakarta Utara",,, 
507,Tania Selatan,Tania Selatan,Jl.Basuki Rahmat No.788 Palembang 30127 South Sumetera,0711-811901,811921,0711-811585
508,"Tanjung Siram, PT",Tolan Tiga,"c/o PT.Tolan Tiga, Jl.S.Parman No.217 Medan North Sumatera",061-552043,,061-520908
509,"Tapian Nadenggan, PT",Sinar Mas,"Wisma BII,7th Floor Jl Diponegoro,No.18 Medan,North Sumatra",061-555729,,061-554883
510,"Tara Bintang Nusa, PT", ,"Jl.Merbabu No.34 B      Medan, North Sumatera",061-519225,,061-553831
511,"Tasik Raja, PT", ,"BBD Building 3rd, Jl.Imam Bonjol No.16 D Medan North Sumatera",061- 550496,,061- 555736
512,Teguh Sempurna,Salim," Central Plaza,      20-21st Floor, Jl.Jend.Sudirman Kav.47-48 Jakarta 12930",021-5702288,,021-5702244
513,"Telaga Hikmah, PT",Tania Selatan,Jl.Basuki Rahmat No.788 Palembang 30127 South Sumetera,"0711-811921,811797",,0711-811585
514,"Telentam Bungoraya, PT",Sinar Mas,"JITJ 10th Floor, Jl.Mangga Dua Raya Jakarta 14430",021-2601070,,021-2601080
515,Tidar Kerinci Agung I & II,Hashim,"BRI II,Building, 26th floor Jl.Jendral Sudirman, No.44-46 Jakarta 10210",(021)5713746,,(021)5713861
516,"Tidar Kerinci Agung, PT",Hashim,"BRI II,Building, 26th floor Jl.Jendral Sudirman, No.44-46 Jakarta 10210",(021)5713746,,(021)5713861
517,"Tidar Sungkai Sawut, PT",Hashim,"BRI II,Building, 26th floor Jl.Jendral Sudirman, No.44-46 Jakarta 10210",(021)5713746,,(021)5713861
518,"Timbang Deli Indonesia, PT",Tolan Tiga, Jl.Let.Jen.S.Parman No.217 Medan 20112 North Sumatera,061-520908,522053,061-520908
519,"Timurjaya Agrokarya, PT",Sinar Mas,"JITJ Building, 5th Floor, Jl.Mangga Dua Raya Jakarta 14430",021-6017996/86,,021-6016181
520,"Tinggi Raja, PT", ,"Jl.Bukit Barisan No.61 Medan, North Sumatera",061-529170,, 
521,"Tirta Madu, PT",Surya Dumai," Wisma GKBI, 31st Floor, Jl.Jend.Sudirman, Kav 28 Jakarta Selatan",021-5740834,,021-5740837
522,Tirta Mulia,Surya Dumai,Jl.Kuantan Raya No.6 Pekan Baru,,, 
523,"Tirta Mulya, PT",Surya Dumai,Jl.Kuantan Raya No.6 Pekan Baru,,, 
524,"Tiunggumba Agro Perkasa, PT", ,Jl.Batu Ceper No 20 Jakarta 10120,021-3852665,,021-3813765
525,"Tolan Tiga Indonesia, PT",Tolan Tiga, Jl.Let.Jen.S.Parman No.217 Medan 20112 North Sumatera,061-552043,,061-520908
526,"Torganda, PT", ,Jl.Abdulah Lubis      No.26 Medan North Sumatera,061-551950,543555,061-556378
527,Tradisi Mas Sejahtera,Sinar Mas,"JITJ, 5th Floor, Jl.Mangga Dua Raya Jakarta 14430",021-601796,6017998,021-6016181
528,Tradisi Sawit Mandiri Utama,Sinar Mas,"JITJ, 5th Floor, Jl.Mangga Dua Raya Jakarta 14430",021- 601796,6017998,021-6016181
529,"Transco Pratama, PT",Incasi Raya,"Jl.Diponegoro,No.7, Padang 25117,West Sumatra",(0751)32044,34858,(0751)32597
530,"Tri Bakti Sari Mas, PT", ,"Jl.Saleh Abbas No.50 B Pekan Baru, Riau",0761-34914,34892,0761-34891
531,Tri Sangga Guna I, ,"Jl.Kopi No.18 A, Jakarta Barat",021- 6900808,6900909,021-6900707
532,Tri Sangga Guna II, ,"Jl.Kopi No.18 A, Jakarta Barat",021- 6900808,6900910,021-6900707
533,"Tri Sangga Guna, PT", ,"Jl.Kopi No.18 A, Jakarta Barat",021- 6900808,6900911,021-6900707
534,"Trimitra Sumber perkasa, PT",Napan,"Gedung Bank EXIM, 3rd A Floor, Jl.Tanjung Karang No.3-4a Jakarta 10230",021-3913650/52,,021-3148369
535,Trisetia Usaha Mandiri, , ,,, 
536,Tulas Sakti Jaya, , ,,, 
537,"Tunas Baru Lampung, PT",Sungai Budi,"Wisma Budi 8-9th Floor, Jl.HR.Rasuna Said Kav.C-6, Jakarta 12940",021-5213383,,021-5213282
538,"Tunas Sawaerma, PT", ,"Eka Life Building 15th Floor, Jl.MT.Haryono Kav.62 Jakarta 12780",021- 7975959,,021- 7976404
539,"Tunggal Mitra Plantation, PT",Salim," Central      Plaza, 20- 21st Floor, Jl.Jend.Sudirman Kav.47-48 Jakarta 12930",021- 5702288,,021- 5702244
540,"Tunggal Prakarsa Plantations, PT",Astra,"Jl.Pulo Ayang raya,Blok OR Kav.1 Kawasan industri Pulogadung Jakarta13930",(021)4616555,,(021)4616550
541,"Tunggal Yunus Estate, PT",RGM,"BNI Building, 10th Floor, Jl.Jend.Sudirman Kav.1 Jakarta 10220",021-5707500,,021-5701771
542,"Ubertraco, PT", ,"Jl.Cik Diktiro No.8 M, Medan North Sumatera",061-576743,57596,061-549268
543,"Umada, PT",Tania Selatan,Jl.Basuki Rahmat No.788 Palembang 30127 South Sumetera,0721-811921,811901,0711-811585
544,"Unggul Pratama Sembada, PT",Gajah Tunggal,"Wisma Hayam Wuruk 14th Floor, Jl Hayam Wuruk No.8 , Jakarta 10210",(021)3804784,, 
545,Unggul Widya Teknologi Lestari (Pirtrans), ,"Harmoni Plaza Blok E/5, Jl.Suryo Pranoto No.2 Jakarta Pusat",021-6330355,6332058,021-6332088
546,"Unggul Widya Teknologi Lestari, PT", ,"Harmoni Plaza Blok E/5, Jl.Suryo Pranoto No.2 Jakarta Pusat",021- 6330355,6332058,021-6332088
547,Uni Primacom, , ,,, 
548,"United Kingdom Indonesia Plantation, PT", ,"BBD Building 5rd, Jl.Imam Bonjol No.16 D Medan North Sumatera",061- 550496,556112,061- 555736
549,"Usaha Semesta Jaya, PT", ,Jl.Berkah No 41 Jakarta 12861,021-8304763,8351269,021-8309734
550,Varita Majutama, , ,,, 
551,Wahana Trans Sembada, ,"Jl.Tanah Abang II,No.1 G Jakarta 10160",021- 3861010,3846767, 
552,"Wahana Trans Sembada, PT", ,"Jl.Tanah Abang I, No1 G Jakarta 10160",021-3861010,, 
553,Wana Jingga Timur, , ,,, 
554,"Wana sari Nusantara , PT",RGM,Jl.Garuda No.96 Jakarta Pusat,021-4241908,,021-4240638
555,"Wana sari Nusantara I,II",RGM,Jl.Garuda No.96 Jakarta Pusat,021-4241908,,021-4240638
556,"Wana Sawit Subur Lestari, PT", ,"Jl.Bhakti No.17 Kebayoran Baru, Jakarta 11120",021- 5264284/5,,021- 52211361
557,"Warisan Telma, PT", ,"Jl.Mangkubumi No.15 A Medan, North Sumatera",061-322748,511315, 
558,"Waru Kaltim Plantations, PT",Astra,"Jl.Pulo Ayang raya,Blok OR Kav.1 Kawasan industri Pulogadung Jakarta13930",(021)4616555,,(021)4616550
559,"Waru Kaltim Plantations, PT",Astra,"Jl.Pulo Ayang raya,Blok OR Kav.1 Kawasan industri Pulogadung Jakarta13930",(021)4616555,,(021)4616550
560,"Winarupati Sepang Lestari, PT", ,"Jl.Nangka No.283 B Pekan Baru, Riau",0761-35219,,0761-35219
561,"Windu Nabatindo Lestari, PT",Napan,"Gedung Bank EXIM, 3rd A Floor, Jl.Tanjung Karang No.3-4a Jakarta 10230",021-3913650/52,,021-3148369
562,"Windu Nabatindo Pratama, PT",Napan,"Gedung Bank EXIM, 3rd A Floor, Jl.Tanjung Karang No.3-4a Jakarta 10230",021-3913650/52,,021-3148369
563,"Wirya Perca, PT", ,Jl.Biliton No.7 Jakarta Pusat,021-3107064,3107476,021-334807
564,Wonorejo, , ,,, 
565,"Woyla Raya Abadi, PT", ,"Cawang Kencana Building 2nd Floor, Jl.Mayjen Sutoyo Kav.22 Jakarata Timur",021-8002574,8011370,021-8002574
 , , , ,,, 
566,Yayasan Cik Diribe, , ,,, 
 , , , ,,, 
