no,kelompok,komoditas,varietas detail,nama varietas,tahun
1,Hortikultura,Jeruk,https://www.litbang.pertanian.go.id/varietas/1410/,Gamindo B,2021
2,Tanaman Pangan,Padi Sawah Irigasi,https://www.litbang.pertanian.go.id/varietas/1379/,Bioni 63 Ciherang Agritan,2020
3,Tanaman Pangan,Padi Sawah Irigasi,https://www.litbang.pertanian.go.id/varietas/1377/,Biosalin 1 Agritan,2020
4,Tanaman Pangan,Padi Sawah Irigasi,https://www.litbang.pertanian.go.id/varietas/1378/,Biosalin 2 Agritan,2020
5,Tanaman Pangan,Padi Gogo,https://www.litbang.pertanian.go.id/varietas/1372/,Biobestari Agritan,2020
6,Tanaman Pangan,Kedelai,https://www.litbang.pertanian.go.id/varietas/1403/,Denasa 1,2020
7,Tanaman Pangan,Kedelai,https://www.litbang.pertanian.go.id/varietas/1404/,Denasa 2,2020
8,Tanaman Pangan,Umbi-Umbian,https://www.litbang.pertanian.go.id/varietas/1401/,Porang Madiun 1,2020
9,Hortikultura,Cabai,https://www.litbang.pertanian.go.id/varietas/1411/,Cabai Carla Agrihorti,2020
10,Hortikultura,Jeruk,https://www.litbang.pertanian.go.id/varietas/1408/,Jeruk Proksi 1 Agrihorti,2020
11,Hortikultura,Anggrek,https://www.litbang.pertanian.go.id/varietas/1409/,Anggun Agrihorti,2020
12,Hortikultura,Anggrek,https://www.litbang.pertanian.go.id/varietas/1407/,Oase Agrihorti,2020
13,Tanaman Pangan,Padi,https://www.litbang.pertanian.go.id/varietas/1385/,Inpari 46 GSR TDH,2019
14,Tanaman Pangan,Padi,https://www.litbang.pertanian.go.id/varietas/1391/,Mantap,2019
15,Tanaman Pangan,Padi Sawah Irigasi,https://www.litbang.pertanian.go.id/varietas/1386/,Baroma,2019
16,Tanaman Pangan,Padi Sawah Irigasi,https://www.litbang.pertanian.go.id/varietas/1392/,Inpari 45 Dirgahayu,2019
17,Tanaman Pangan,Padi Sawah Irigasi,https://www.litbang.pertanian.go.id/varietas/1393/,Inpari Digdaya,2019
18,Tanaman Pangan,Padi Sawah Irigasi,https://www.litbang.pertanian.go.id/varietas/1384/,Inpari IR Nutri Zinc,2019
19,Tanaman Pangan,Padi Sawah Irigasi,https://www.litbang.pertanian.go.id/varietas/1389/,Jeliteng,2019
20,Tanaman Pangan,Padi Sawah Irigasi,https://www.litbang.pertanian.go.id/varietas/1390/,Paketih,2019
21,Tanaman Pangan,Padi Sawah Irigasi,https://www.litbang.pertanian.go.id/varietas/1387/,Pamelen,2019
22,Tanaman Pangan,Padi Sawah Irigasi,https://www.litbang.pertanian.go.id/varietas/1388/,Pamera,2019
23,Tanaman Pangan,Sorgum,https://www.litbang.pertanian.go.id/varietas/1374/,Bioguma 1 Agritan,2019
24,Tanaman Pangan,Sorgum,https://www.litbang.pertanian.go.id/varietas/1375/,Bioguma 2 Agritan,2019
25,Tanaman Pangan,Sorgum,https://www.litbang.pertanian.go.id/varietas/1376/,Bioguma 3 Agritan,2019
26,Tanaman Pangan,Jagung Hibrida,https://www.litbang.pertanian.go.id/varietas/1402/,jhana 1,2019
27,Tanaman Pangan,Kedelai,https://www.litbang.pertanian.go.id/varietas/1396/,Demas 2,2019
28,Tanaman Pangan,Kedelai,https://www.litbang.pertanian.go.id/varietas/1397/,Demas 3,2019
29,Tanaman Pangan,Kedelai,https://www.litbang.pertanian.go.id/varietas/1394/,Dering 2,2019
30,Tanaman Pangan,Kedelai,https://www.litbang.pertanian.go.id/varietas/1395/,Dering 3,2019
31,Tanaman Pangan,Kacang Hijau,https://www.litbang.pertanian.go.id/varietas/1398/,Vimil 1,2019
32,Tanaman Pangan,Kacang Hijau,https://www.litbang.pertanian.go.id/varietas/1399/,Vimil 2,2019
33,Tanaman Pangan,Ubi Kayu,https://www.litbang.pertanian.go.id/varietas/1400/,Vamas 1,2019
34,Tanaman Perkebunan,Aren,https://www.litbang.pertanian.go.id/varietas/1371/,Aren Smulen STI,2019
35,Tanaman Pangan,Padi Sawah Irigasi,https://www.litbang.pertanian.go.id/varietas/1365/,Cakrabuana Agritan,2018
36,Tanaman Pangan,Padi Sawah Irigasi,https://www.litbang.pertanian.go.id/varietas/1366/,Padjadjaran Agritan,2018
37,Tanaman Pangan,Padi Sawah Irigasi,https://www.litbang.pertanian.go.id/varietas/1364/,Siliwangi Agritan,2018
38,Tanaman Pangan,Padi Gogo,https://www.litbang.pertanian.go.id/varietas/1383/,Bio Patenggang Agritan,2018
39,Tanaman Pangan,Padi Gogo,https://www.litbang.pertanian.go.id/varietas/1368/,Luhur 1,2018
40,Tanaman Pangan,Padi Gogo,https://www.litbang.pertanian.go.id/varietas/1367/,Luhur 2,2018
41,Tanaman Pangan,Padi Rawa,https://www.litbang.pertanian.go.id/varietas/1370/,Inpara 10 BLB,2018
42,Tanaman Pangan,Padi Rawa,https://www.litbang.pertanian.go.id/varietas/1369/,Purwa,2018
43,Tanaman Pangan,Jagung,https://www.litbang.pertanian.go.id/varietas/1355/,Srikandi Ungu1,2018
44,Tanaman Pangan,Kacang Tanah,https://www.litbang.pertanian.go.id/varietas/1330/,Katana 1,2018
45,Tanaman Pangan,Kacang Tanah,https://www.litbang.pertanian.go.id/varietas/1331/,Katana 2,2018
46,Tanaman Pangan,Kacang Tanah,https://www.litbang.pertanian.go.id/varietas/1405/,TASIA 1,2018
47,Tanaman Pangan,Kacang Tanah,https://www.litbang.pertanian.go.id/varietas/1406/,TASIA 2,2018
48,Tanaman Pangan,Kedelai,https://www.litbang.pertanian.go.id/varietas/1312/,Derap 1,2018
49,Tanaman Pangan,Kacang Hijau,https://www.litbang.pertanian.go.id/varietas/1237/,Vima 4,2018
50,Tanaman Pangan,Kacang Hijau,https://www.litbang.pertanian.go.id/varietas/1238/,Vima 5,2018
51,Tanaman Pangan,Ubi Kayu,https://www.litbang.pertanian.go.id/varietas/1333/,Vati 1,2018
52,Tanaman Pangan,Ubi Kayu,https://www.litbang.pertanian.go.id/varietas/1334/,Vati 2,2018
53,Tanaman Pangan,Ubi Jalar,https://www.litbang.pertanian.go.id/varietas/1245/,Patting 1,2018
54,Tanaman Pangan,Ubi Jalar,https://www.litbang.pertanian.go.id/varietas/1246/,Patting 2,2018
55,Hortikultura,Cabai,https://www.litbang.pertanian.go.id/varietas/1373/,Carvi Agrihorti,2018
56,Tanaman Perkebunan,Kapas,https://www.litbang.pertanian.go.id/varietas/1282/,Bronesia 1,2018
57,Tanaman Perkebunan,Kapas,https://www.litbang.pertanian.go.id/varietas/1283/,Bronesia 2,2018
58,Tanaman Perkebunan,Kapas,https://www.litbang.pertanian.go.id/varietas/1284/,Bronesia 3,2018
59,Tanaman Pangan,Padi Sawah Irigasi,https://www.litbang.pertanian.go.id/varietas/1357/,Munawacita Agritan,2017
60,Tanaman Pangan,Padi Sawah Irigasi,https://www.litbang.pertanian.go.id/varietas/1356/,Mustaban Agritan,2017
61,Tanaman Pangan,Padi Sawah Irigasi,https://www.litbang.pertanian.go.id/varietas/1358/,Tarabas,2017
62,Tanaman Pangan,Padi Gogo,https://www.litbang.pertanian.go.id/varietas/1363/,Inpago 12 Agritan,2017
63,Tanaman Pangan,Padi Gogo,https://www.litbang.pertanian.go.id/varietas/1362/,IPB 9G,2017
64,Tanaman Pangan,Padi Gogo,https://www.litbang.pertanian.go.id/varietas/1360/,Rindang 1 Agritan,2017
65,Tanaman Pangan,Padi Gogo,https://www.litbang.pertanian.go.id/varietas/1359/,Rindang 2 Agritan,2017
66,Tanaman Pangan,Padi Gogo,https://www.litbang.pertanian.go.id/varietas/1361/,Unsoed Parimas,2017
67,Tanaman Pangan,Jagung Hibrida,https://www.litbang.pertanian.go.id/varietas/1241/,JH 37,2017
68,Tanaman Pangan,Jagung Hibrida,https://www.litbang.pertanian.go.id/varietas/1242/,JH 47,2017
69,Tanaman Pangan,Jagung Hibrida,https://www.litbang.pertanian.go.id/varietas/1253/,NASA (Nakula Sadewa) 29,2017
70,Tanaman Pangan,Kedelai,https://www.litbang.pertanian.go.id/varietas/1233/,Deja 1,2017
71,Tanaman Pangan,Kedelai,https://www.litbang.pertanian.go.id/varietas/1234/,Deja 2,2017
72,Tanaman Pangan,Kedelai,https://www.litbang.pertanian.go.id/varietas/1235/,Detap 1,2017
73,Tanaman Pangan,Kedelai,https://www.litbang.pertanian.go.id/varietas/1236/,Devon 2,2017
74,Tanaman Perkebunan,Tembakau,https://www.litbang.pertanian.go.id/varietas/215/,Gagang Sidi,2017
75,Tanaman Perkebunan,Tembakau,https://www.litbang.pertanian.go.id/varietas/1256/,Kemloko 4 Agribun,2017
76,Tanaman Perkebunan,Tembakau,https://www.litbang.pertanian.go.id/varietas/1257/,Kemloko 5 Agribun,2017
77,Tanaman Perkebunan,Tembakau,https://www.litbang.pertanian.go.id/varietas/1258/,Kemloko 6 Agribun,2017
78,Tanaman Perkebunan,Tembakau,https://www.litbang.pertanian.go.id/varietas/221/,Virginia Hibrida NTB: GF 318,2017
79,Tanaman Perkebunan,Tembakau,https://www.litbang.pertanian.go.id/varietas/218/,Virginia Hibrida NTB: GL 26H,2017
80,Tanaman Perkebunan,Tembakau,https://www.litbang.pertanian.go.id/varietas/216/,Virginia Hibrida NTB: NC 471,2017
81,Tanaman Perkebunan,Kelapa,https://www.litbang.pertanian.go.id/varietas/1263/,Kelapa Dalam Babasal,2017
82,Tanaman Perkebunan,Kelapa,https://www.litbang.pertanian.go.id/varietas/1260/,Kelapa Dalam Bido,2017
83,Tanaman Perkebunan,Kelapa,https://www.litbang.pertanian.go.id/varietas/1261/,Kelapa Dalam Lampanah,2017
84,Tanaman Perkebunan,Kelapa,https://www.litbang.pertanian.go.id/varietas/1262/,Kelapa Dalam Selayar,2017
85,Peternakan,Domba,https://www.litbang.pertanian.go.id/varietas/1310/,Domba Komposit Garut Agrinak,2017
86,Peternakan,Kelinci,https://www.litbang.pertanian.go.id/varietas/1292/,Kelinci Rexsi,2017
87,Peternakan,Kelinci,https://www.litbang.pertanian.go.id/varietas/1307/,Kelinci Reza,2017
88,Peternakan,Itik,https://www.litbang.pertanian.go.id/varietas/1309/,Itik Serati,2017
89,Peternakan,Sapi,https://www.litbang.pertanian.go.id/varietas/1308/,Sapi PO terseleksi,2017
90,Peternakan,Ayam,https://www.litbang.pertanian.go.id/varietas/1305/,Ayam Sensi-1 Agrinak,2017
91,Tanaman Perkebunan,Tebu,https://www.litbang.pertanian.go.id/varietas/1252/,AAS Agribun,2017
92,Tanaman Perkebunan,Tebu,https://www.litbang.pertanian.go.id/varietas/1289/,AMS Agribun,2017
93,Tanaman Perkebunan,Tebu,https://www.litbang.pertanian.go.id/varietas/1288/,ASA Agribun,2017
94,Tanaman Perkebunan,Tebu,https://www.litbang.pertanian.go.id/varietas/1290/,CMG Agribun,2017
95,Tanaman Pangan,Padi Sawah Irigasi,https://www.litbang.pertanian.go.id/varietas/1206/,Inpari 42 Agritan GSR,2016
96,Tanaman Pangan,Padi Sawah Irigasi,https://www.litbang.pertanian.go.id/varietas/1207/,Inpari 43 Agritan GSR,2016
97,Tanaman Pangan,Padi Sawah Irigasi,https://www.litbang.pertanian.go.id/varietas/1208/,Inpari 44 Agritan,2016
98,Tanaman Pangan,Jagung Hibrida,https://www.litbang.pertanian.go.id/varietas/1276/,JH 36,2016
99,Tanaman Pangan,Kacang Tanah,https://www.litbang.pertanian.go.id/varietas/1200/,Hypoma 3,2016
100,Tanaman Pangan,Kacang Tanah,https://www.litbang.pertanian.go.id/varietas/1248/,TALA 1,2016
101,Tanaman Pangan,Kacang Tanah,https://www.litbang.pertanian.go.id/varietas/1251/,TALA 2,2016
102,Tanaman Pangan,Kedelai,https://www.litbang.pertanian.go.id/varietas/1151/,Dega 1,2016
103,Tanaman Pangan,Ubi Kayu,https://www.litbang.pertanian.go.id/varietas/1249/,UK 1 AGRITAN,2016
104,Tanaman Pangan,Ubi Jalar,https://www.litbang.pertanian.go.id/varietas/1250/,BETA 3,2016
105,Tanaman Pangan,Pangan & Perkebunan,https://www.litbang.pertanian.go.id/varietas/1223/,H 11648,2016
106,Hortikultura,Kentang,https://www.litbang.pertanian.go.id/varietas/1210/,DAYANG SUMBI AGRIHORTI,2016
107,Hortikultura,Mentimun,https://www.litbang.pertanian.go.id/varietas/1211/,LITSA 2,2016
108,Hortikultura,Jeruk,https://www.litbang.pertanian.go.id/varietas/1214/,PAMINDO,2016
109,Hortikultura,Durian,https://www.litbang.pertanian.go.id/varietas/1213/,SAMBENG,2016
110,Hortikultura,Durian,https://www.litbang.pertanian.go.id/varietas/1212/,TAMBAGO SUNGAI TARAB,2016
111,Hortikultura,Krisan,https://www.litbang.pertanian.go.id/varietas/1215/,ARUNDAYA AGRIHORTI,2016
112,Hortikultura,Krisan,https://www.litbang.pertanian.go.id/varietas/1217/,AWLANI AGRIHORTI,2016
113,Hortikultura,Krisan,https://www.litbang.pertanian.go.id/varietas/1216/,TADASITA AGRIHORTI,2016
114,Tanaman Perkebunan,Kelapa,https://www.litbang.pertanian.go.id/varietas/1225/,Kelapa Dalam Puan Kalianda,2016
115,Tanaman Perkebunan,Kelapa,https://www.litbang.pertanian.go.id/varietas/1224/,Kelapa Dalam Sri Gemilang,2016
116,Tanaman Perkebunan,Kakao,https://www.litbang.pertanian.go.id/varietas/1228/,BL 50,2016
117,Tanaman Perkebunan,Teh,https://www.litbang.pertanian.go.id/varietas/1300/,Teh Tambi 1,2016
118,Tanaman Perkebunan,Teh,https://www.litbang.pertanian.go.id/varietas/1301/,Teh Tambi 2,2016
119,Tanaman Perkebunan,Pala,https://www.litbang.pertanian.go.id/varietas/1226/,PALA FAK FAK,2016
120,Tanaman Perkebunan,_ Jarak Pagar,https://www.litbang.pertanian.go.id/varietas/1221/,JET 1 AGRIBUN,2016
121,Tanaman Perkebunan,_ Jarak Pagar,https://www.litbang.pertanian.go.id/varietas/1222/,JET 2 AGRIBUN,2016
122,Tanaman Perkebunan,_ Kenaf,https://www.litbang.pertanian.go.id/varietas/1219/,KENAFINDO 1 AGRIBUN,2016
123,Tanaman Perkebunan,_ Kenaf,https://www.litbang.pertanian.go.id/varietas/1220/,KENAFINDO 2 AGRIBUN,2016
124,Tanaman Perkebunan,Tebu,https://www.litbang.pertanian.go.id/varietas/1218/,POJ AGRIBUN KERINCI,2016
125,Tanaman Pangan,Padi,https://www.litbang.pertanian.go.id/varietas/1381/,Inpari 40 Tadah Hujan Agritan,2015
126,Tanaman Pangan,Padi Sawah Irigasi,https://www.litbang.pertanian.go.id/varietas/1203/,Inpari 36 Lanrang,2015
127,Tanaman Pangan,Padi Sawah Irigasi,https://www.litbang.pertanian.go.id/varietas/1204/,Inpari 37 Lanrang,2015
128,Tanaman Pangan,Padi Sawah Irigasi,https://www.litbang.pertanian.go.id/varietas/1138/,Inpari 38 Tadah Hujan Agritan,2015
129,Tanaman Pangan,Padi Sawah Irigasi,https://www.litbang.pertanian.go.id/varietas/1139/,Inpari 39 Tadah Hujan Agritan,2015
130,Tanaman Pangan,Padi Sawah Irigasi,https://www.litbang.pertanian.go.id/varietas/1141/,Inpari 40 Tadah Hujan Agritan,2015
131,Tanaman Pangan,Padi Sawah Irigasi,https://www.litbang.pertanian.go.id/varietas/1142/,Inpari 41 Tadah Hujan Agritan,2015
132,Tanaman Pangan,Padi Gogo,https://www.litbang.pertanian.go.id/varietas/1144/,Inpago 11 Agritan,2015
133,Tanaman Pangan,Jagung,https://www.litbang.pertanian.go.id/varietas/1148/,Pulut Uri 4,2015
134,Tanaman Pangan,Sorgum,https://www.litbang.pertanian.go.id/varietas/1244/,Super 6 Agritan,2015
135,Tanaman Pangan,Jagung Hibrida,https://www.litbang.pertanian.go.id/varietas/1239/,HJ 28 Agritan,2015
136,Tanaman Pangan,Jagung Hibrida,https://www.litbang.pertanian.go.id/varietas/1145/,JH 234 (CY 10/MR14),2015
137,Tanaman Pangan,Jagung Hibrida,https://www.litbang.pertanian.go.id/varietas/1146/,JH 27 (CY7/MR14),2015
138,Tanaman Pangan,Jagung Hibrida,https://www.litbang.pertanian.go.id/varietas/1240/,JH 35,2015
139,Tanaman Pangan,Kedelai,https://www.litbang.pertanian.go.id/varietas/1205/,Devon 1,2015
140,Hortikultura,Cabai,https://www.litbang.pertanian.go.id/varietas/1159/,Prima Agrihorti,2015
141,Hortikultura,Cabai,https://www.litbang.pertanian.go.id/varietas/1160/,Rabani Agrihorti,2015
142,Hortikultura,Kentang,https://www.litbang.pertanian.go.id/varietas/1156/,AR 07 Agrihorti,2015
143,Hortikultura,Kentang,https://www.litbang.pertanian.go.id/varietas/1157/,AR 08 Agrihorti,2015
144,Hortikultura,Kentang,https://www.litbang.pertanian.go.id/varietas/1158/,Olimpus Agrihorti,2015
145,Hortikultura,Bawang Merah,https://www.litbang.pertanian.go.id/varietas/1154/,TSS Agrihort 1,2015
146,Hortikultura,Bawang Merah,https://www.litbang.pertanian.go.id/varietas/1155/,TSS Agrihorti 2,2015
147,Hortikultura,Jeruk,https://www.litbang.pertanian.go.id/varietas/1166/,Krisma Agrihorti,2015
148,Hortikultura,Jeruk,https://www.litbang.pertanian.go.id/varietas/1168/,Monita Agrihorti,2015
149,Hortikultura,Jeruk,https://www.litbang.pertanian.go.id/varietas/1171/,Nimas Agrihorti,2015
150,Hortikultura,Jeruk,https://www.litbang.pertanian.go.id/varietas/1169/,Puri Agrihorti,2015
151,Hortikultura,Jeruk,https://www.litbang.pertanian.go.id/varietas/1170/,Sari Agrihorti,2015
152,Hortikultura,Jeruk,https://www.litbang.pertanian.go.id/varietas/1167/,Sitaya Agrihorti,2015
153,Hortikultura,Pepaya,https://www.litbang.pertanian.go.id/varietas/1172/,Carvita Agrihorti,2015
154,Hortikultura,Anggur,https://www.litbang.pertanian.go.id/varietas/1161/,Jestro AG45,2015
155,Hortikultura,Anggur,https://www.litbang.pertanian.go.id/varietas/1162/,Jestro AG5,2015
156,Hortikultura,Anggrek,https://www.litbang.pertanian.go.id/varietas/1184/,Ayu Pujiastuti Agrihorti,2015
157,Hortikultura,Anggrek,https://www.litbang.pertanian.go.id/varietas/1185/,Permata Agrihorti,2015
158,Hortikultura,Krisan,https://www.litbang.pertanian.go.id/varietas/1178/,Asmarini Agrihorti,2015
159,Hortikultura,Krisan,https://www.litbang.pertanian.go.id/varietas/1181/,Cayapati Agrihorti,2015
160,Hortikultura,Krisan,https://www.litbang.pertanian.go.id/varietas/1176/,Haryanti Agrihorti,2015
161,Hortikultura,Krisan,https://www.litbang.pertanian.go.id/varietas/1174/,Jayanti Agrihort,2015
162,Hortikultura,Krisan,https://www.litbang.pertanian.go.id/varietas/1177/,Maharani Agrihort,2015
163,Hortikultura,Krisan,https://www.litbang.pertanian.go.id/varietas/1175/,Maruta Agrihort,2015
164,Hortikultura,Krisan,https://www.litbang.pertanian.go.id/varietas/1183/,Naweswari Agrihorti,2015
165,Hortikultura,Krisan,https://www.litbang.pertanian.go.id/varietas/1182/,Nismara Agrihorti,2015
166,Hortikultura,Krisan,https://www.litbang.pertanian.go.id/varietas/1173/,Syiera Violeta Agrihort,2015
167,Hortikultura,Krisan,https://www.litbang.pertanian.go.id/varietas/1179/,Trissa Agrihorti,2015
168,Hortikultura,Krisan,https://www.litbang.pertanian.go.id/varietas/1180/,Yastayukti Agrihorti,2015
169,Hortikultura,Tanaman Buah-buahan,https://www.litbang.pertanian.go.id/varietas/1164/,Piraweh Ampalu,2015
170,Hortikultura,Tanaman Hias,https://www.litbang.pertanian.go.id/varietas/1186/,Athalia Agrihorti,2015
171,Tanaman Perkebunan,Lada,https://www.litbang.pertanian.go.id/varietas/1192/,LADA CIINTEN,2015
172,Tanaman Perkebunan,Lada,https://www.litbang.pertanian.go.id/varietas/1191/,Malonan 1,2015
173,Tanaman Perkebunan,Tembakau,https://www.litbang.pertanian.go.id/varietas/1187/,Prancak S1 Agribun,2015
174,Tanaman Perkebunan,Tembakau,https://www.litbang.pertanian.go.id/varietas/1188/,Prancak S2 Agribun,2015
175,Tanaman Perkebunan,Tembakau,https://www.litbang.pertanian.go.id/varietas/1189/,Prancak T1 Agribun,2015
176,Tanaman Perkebunan,Tembakau,https://www.litbang.pertanian.go.id/varietas/1190/,Prancak T2 Agribun,2015
177,Tanaman Perkebunan,Kelapa,https://www.litbang.pertanian.go.id/varietas/1195/,Kelapa Dalam Mastutin,2015
178,Tanaman Perkebunan,Kelapa,https://www.litbang.pertanian.go.id/varietas/1268/,Kelapa Genjah Kuning Nias (GKN),2015
179,Tanaman Perkebunan,Pinang,https://www.litbang.pertanian.go.id/varietas/1287/,Pinang Molinow,2015
180,Tanaman Perkebunan,Kopi,https://www.litbang.pertanian.go.id/varietas/1136/,Kopi Liberoid Meranti 1 (Lim 1),2015
181,Tanaman Perkebunan,Kopi,https://www.litbang.pertanian.go.id/varietas/1137/,Kopi Liberoid Meranti 2 (Lim 2),2015
182,Tanaman Perkebunan,Sereh Wangi,https://www.litbang.pertanian.go.id/varietas/1193/,Sitrona 1 Agribun,2015
183,Tanaman Perkebunan,Sereh Wangi,https://www.litbang.pertanian.go.id/varietas/1227/,SITRONA 1 AGRIBUN,2015
184,Tanaman Perkebunan,Sereh Wangi,https://www.litbang.pertanian.go.id/varietas/1194/,Sitrona 2 Agribun,2015
185,Tanaman Perkebunan,Sereh Wangi,https://www.litbang.pertanian.go.id/varietas/1231/,SITRONA 2 AGRIBUN,2015
186,Peternakan,Kambing,https://www.litbang.pertanian.go.id/varietas/1274/,Kambing Boerka,2015
187,Peternakan,Itik,https://www.litbang.pertanian.go.id/varietas/1196/,Alabimaste R-1 Agrinak,2015
188,Peternakan,Itik,https://www.litbang.pertanian.go.id/varietas/1197/,Mojomaste R-1 Agrinak,2015
189,Tanaman Pangan,Gandum,https://www.litbang.pertanian.go.id/varietas/1243/,GURI 6,2015
190,Tanaman Pangan,Padi Sawah Irigasi,https://www.litbang.pertanian.go.id/varietas/1080/,Inpari 34 Salin Agritan,2014
191,Tanaman Pangan,Padi Sawah Irigasi,https://www.litbang.pertanian.go.id/varietas/1081/,Inpari 35 Salin Agritan,2014
192,Tanaman Pangan,Padi Sawah Irigasi,https://www.litbang.pertanian.go.id/varietas/1082/,Inpari Unsoed 79 Agritan,2014
193,Tanaman Pangan,Padi Gogo,https://www.litbang.pertanian.go.id/varietas/1085/,Inpago 10,2014
194,Tanaman Pangan,Padi Rawa,https://www.litbang.pertanian.go.id/varietas/1083/,Inpara 8 Agritan,2014
195,Tanaman Pangan,Padi Rawa,https://www.litbang.pertanian.go.id/varietas/1084/,Inpara 9 Agritan,2014
196,Tanaman Pangan,Sorgum,https://www.litbang.pertanian.go.id/varietas/1100/,Suri 3 Agritan,2014
197,Tanaman Pangan,Sorgum,https://www.litbang.pertanian.go.id/varietas/1101/,Suri 4 Agritan,2014
198,Tanaman Pangan,Jagung Hibrida,https://www.litbang.pertanian.go.id/varietas/1086/,HJ 21 Agritan,2014
199,Tanaman Pangan,Jagung Hibrida,https://www.litbang.pertanian.go.id/varietas/1087/,HJ 22 Agritan,2014
200,Tanaman Pangan,Jagung Hibrida,https://www.litbang.pertanian.go.id/varietas/1088/,Pulut Uri 3 H,2014
201,Tanaman Pangan,Kacang Tanah,https://www.litbang.pertanian.go.id/varietas/1089/,Talam 2,2014
202,Tanaman Pangan,Kacang Tanah,https://www.litbang.pertanian.go.id/varietas/1090/,Talam 3,2014
203,Tanaman Pangan,Kedelai,https://www.litbang.pertanian.go.id/varietas/1091/,Demas 1,2014
204,Tanaman Pangan,Kedelai,https://www.litbang.pertanian.go.id/varietas/1092/,Dena 1,2014
205,Tanaman Pangan,Kedelai,https://www.litbang.pertanian.go.id/varietas/1093/,Dena 2,2014
206,Tanaman Pangan,Kedelai,https://www.litbang.pertanian.go.id/varietas/1317/,Mutiara 2,2014
207,Tanaman Pangan,Kedelai,https://www.litbang.pertanian.go.id/varietas/1315/,Mutiara 3,2014
208,Tanaman Pangan,Kacang Hijau,https://www.litbang.pertanian.go.id/varietas/1102/,Vima 2,2014
209,Tanaman Pangan,Kacang Hijau,https://www.litbang.pertanian.go.id/varietas/1199/,Vima 3,2014
210,Tanaman Pangan,Ubi Jalar,https://www.litbang.pertanian.go.id/varietas/1094/,Antin 2,2014
211,Tanaman Pangan,Ubi Jalar,https://www.litbang.pertanian.go.id/varietas/1095/,Antin 3,2014
212,Hortikultura,Jeruk,https://www.litbang.pertanian.go.id/varietas/1105/,JRM2012,2014
213,Hortikultura,Mangga,https://www.litbang.pertanian.go.id/varietas/1103/,Agri Agrina 45,2014
214,Hortikultura,Pepaya,https://www.litbang.pertanian.go.id/varietas/1104/,Agri Solinda,2014
215,Hortikultura,Krisan,https://www.litbang.pertanian.go.id/varietas/1123/,Agri Kanesia 18,2014
216,Hortikultura,Krisan,https://www.litbang.pertanian.go.id/varietas/1119/,Aiko Agrihorti,2014
217,Hortikultura,Krisan,https://www.litbang.pertanian.go.id/varietas/1113/,Avanthe Agrihorti,2014
218,Hortikultura,Krisan,https://www.litbang.pertanian.go.id/varietas/1115/,Awanis Agrihorti,2014
219,Hortikultura,Krisan,https://www.litbang.pertanian.go.id/varietas/1114/,Dahayu Agrihorti,2014
220,Hortikultura,Krisan,https://www.litbang.pertanian.go.id/varietas/1109/,Dwimahyani,2014
221,Hortikultura,Krisan,https://www.litbang.pertanian.go.id/varietas/1120/,Erika Agrihorti,2014
222,Hortikultura,Krisan,https://www.litbang.pertanian.go.id/varietas/1110/,Hartuti,2014
223,Hortikultura,Krisan,https://www.litbang.pertanian.go.id/varietas/1106/,Jayani,2014
224,Hortikultura,Krisan,https://www.litbang.pertanian.go.id/varietas/1107/,Marina,2014
225,Hortikultura,Krisan,https://www.litbang.pertanian.go.id/varietas/1112/,Pinkana,2014
226,Hortikultura,Krisan,https://www.litbang.pertanian.go.id/varietas/1108/,Pinka Pinky,2014
227,Hortikultura,Krisan,https://www.litbang.pertanian.go.id/varietas/1117/,Sabiya Agrihorti,2014
228,Hortikultura,Krisan,https://www.litbang.pertanian.go.id/varietas/1118/,Socawani Agrihorti,2014
229,Hortikultura,Krisan,https://www.litbang.pertanian.go.id/varietas/1111/,Suciyono,2014
230,Hortikultura,Krisan,https://www.litbang.pertanian.go.id/varietas/1116/,Vania Agrihorti,2014
231,Tanaman Perkebunan,Kapas,https://www.litbang.pertanian.go.id/varietas/1121/,Agri Kanesia 16,2014
232,Tanaman Perkebunan,Kapas,https://www.litbang.pertanian.go.id/varietas/1122/,Agri Kanesia 17,2014
233,Tanaman Perkebunan,Kapas,https://www.litbang.pertanian.go.id/varietas/1124/,Agri Kanesia 18,2014
234,Tanaman Perkebunan,Kapas,https://www.litbang.pertanian.go.id/varietas/1125/,Agri Kanesia 19,2014
235,Tanaman Perkebunan,Kapas,https://www.litbang.pertanian.go.id/varietas/1126/,Agri Kanesia 20,2014
236,Tanaman Perkebunan,Kelapa,https://www.litbang.pertanian.go.id/varietas/1270/,Kelapa Dalam Sawarna (DSA),2014
237,Tanaman Perkebunan,Kelapa,https://www.litbang.pertanian.go.id/varietas/1269/,Kelapa Dalam Takome (DTE),2014
238,Tanaman Perkebunan,Kelapa,https://www.litbang.pertanian.go.id/varietas/1265/,Kelapa Kopyor Varietas Genjah Coklat,2014
239,Tanaman Perkebunan,Kelapa,https://www.litbang.pertanian.go.id/varietas/1264/,Kelapa Kopyor Varietas Genjah Kuning,2014
240,Tanaman Perkebunan,Aren,https://www.litbang.pertanian.go.id/varietas/1127/,Aren Dalam Tomohon,2014
241,Tanaman Perkebunan,Kemiri,https://www.litbang.pertanian.go.id/varietas/1078/,Kermindo 1,2014
242,Tanaman Perkebunan,Kemiri,https://www.litbang.pertanian.go.id/varietas/1079/,Kermindo 2,2014
243,Tanaman Perkebunan,Sagu,https://www.litbang.pertanian.go.id/varietas/1128/,Sagu Baruk,2014
244,Tanaman Perkebunan,Aneka Tanaman Perkebunan,https://www.litbang.pertanian.go.id/varietas/1129/,Orsina 1 Agribun,2014
245,Tanaman Perkebunan,Aneka Tanaman Perkebunan,https://www.litbang.pertanian.go.id/varietas/1130/,Orsina 2 Agribun,2014
246,Tanaman Perkebunan,Aneka Tanaman Perkebunan,https://www.litbang.pertanian.go.id/varietas/1131/,Orsina 3 Agribun,2014
247,Tanaman Perkebunan,Aneka Tanaman Perkebunan,https://www.litbang.pertanian.go.id/varietas/1132/,Ziarina Agribun 1,2014
248,Tanaman Perkebunan,Aneka Tanaman Perkebunan,https://www.litbang.pertanian.go.id/varietas/1133/,Ziarina Agribun 2,2014
249,Peternakan,Domba,https://www.litbang.pertanian.go.id/varietas/1135/,Domba Compass Agrinak,2014
250,Peternakan,Itik,https://www.litbang.pertanian.go.id/varietas/1278/,Itik PMp,2014
251,Peternakan,Ayam,https://www.litbang.pertanian.go.id/varietas/1134/,Ayam KUB-1,2014
252,Tanaman Pangan,Gandum,https://www.litbang.pertanian.go.id/varietas/1096/,Guri 3 Agritan,2014
253,Tanaman Pangan,Gandum,https://www.litbang.pertanian.go.id/varietas/1097/,Guri 4 Agritan,2014
254,Tanaman Pangan,Gandum,https://www.litbang.pertanian.go.id/varietas/1098/,Guri 5 Agritan,2014
255,Tanaman Pangan,Gandum,https://www.litbang.pertanian.go.id/varietas/1099/,Guri 6 Unand,2014
256,Tanaman Pangan,Padi,https://www.litbang.pertanian.go.id/varietas/1380/,Inpari BLAS,2013
257,Tanaman Pangan,Padi,https://www.litbang.pertanian.go.id/varietas/1382/,Inpari HDB,2013
258,Tanaman Pangan,Padi Sawah Irigasi,https://www.litbang.pertanian.go.id/varietas/1023/,Inpari 31,2013
259,Tanaman Pangan,Padi Sawah Irigasi,https://www.litbang.pertanian.go.id/varietas/1024/,Inpari 32 HDB,2013
260,Tanaman Pangan,Padi Sawah Irigasi,https://www.litbang.pertanian.go.id/varietas/1025/,Inpari 33,2013
261,Tanaman Pangan,Padi Hibrida,https://www.litbang.pertanian.go.id/varietas/1026/,Hipa 18,2013
262,Tanaman Pangan,Padi Hibrida,https://www.litbang.pertanian.go.id/varietas/1027/,Hipa 19,2013
263,Tanaman Pangan,Jagung,https://www.litbang.pertanian.go.id/varietas/1335/,Pulut Uri 1,2013
264,Tanaman Pangan,Jagung,https://www.litbang.pertanian.go.id/varietas/1336/,Pulut Uri 2,2013
265,Tanaman Pangan,Sorgum,https://www.litbang.pertanian.go.id/varietas/1031/,Super 1,2013
266,Tanaman Pangan,Sorgum,https://www.litbang.pertanian.go.id/varietas/1032/,Super 2,2013
267,Tanaman Pangan,Jagung Hibrida,https://www.litbang.pertanian.go.id/varietas/1351/,Bima 17,2013
268,Tanaman Pangan,Jagung Hibrida,https://www.litbang.pertanian.go.id/varietas/1352/,Bima 18,2013
269,Tanaman Pangan,Jagung Hibrida,https://www.litbang.pertanian.go.id/varietas/1033/,Bima 19-Uri (STJ107),2013
270,Tanaman Pangan,Jagung Hibrida,https://www.litbang.pertanian.go.id/varietas/1034/,Bima 20-Uri (STJ109),2013
271,Tanaman Pangan,Kacang Tanah,https://www.litbang.pertanian.go.id/varietas/1201/,Litbang Garuda 5,2013
272,Tanaman Pangan,Kedelai,https://www.litbang.pertanian.go.id/varietas/1313/,Detam 3 Prida,2013
273,Tanaman Pangan,Kedelai,https://www.litbang.pertanian.go.id/varietas/1314/,Detam 4 Prida,2013
274,Tanaman Pangan,Kedelai,https://www.litbang.pertanian.go.id/varietas/1320/,Gamasugen 1,2013
275,Tanaman Pangan,Kedelai,https://www.litbang.pertanian.go.id/varietas/1319/,Gamasugen 2,2013
276,Tanaman Pangan,Ubi Jalar,https://www.litbang.pertanian.go.id/varietas/1332/,Antin 1,2013
277,Tanaman Pangan,Pangan dan Hortikultura,https://www.litbang.pertanian.go.id/varietas/1077/,Jamur Nawangsari,2013
278,Hortikultura,Kentang,https://www.litbang.pertanian.go.id/varietas/1036/,Amabile,2013
279,Hortikultura,Kentang,https://www.litbang.pertanian.go.id/varietas/1038/,Maglia,2013
280,Hortikultura,Kentang,https://www.litbang.pertanian.go.id/varietas/1037/,Medians,2013
281,Hortikultura,Jamur,https://www.litbang.pertanian.go.id/varietas/1040/,Nawangsari,2013
282,Hortikultura,Mentimun,https://www.litbang.pertanian.go.id/varietas/1039/,Litsa Hijau,2013
283,Hortikultura,Anggrek,https://www.litbang.pertanian.go.id/varietas/1041/,Abrittyas,2013
284,Hortikultura,Anggrek,https://www.litbang.pertanian.go.id/varietas/1042/,Atmindra,2013
285,Hortikultura,Anggrek,https://www.litbang.pertanian.go.id/varietas/1043/,Ayu Lestari,2013
286,Hortikultura,Anggrek,https://www.litbang.pertanian.go.id/varietas/1044/,Ayu Suciati,2013
287,Hortikultura,Anggrek,https://www.litbang.pertanian.go.id/varietas/1045/,Indu Pramesi,2013
288,Hortikultura,Anggrek,https://www.litbang.pertanian.go.id/varietas/1046/,Lintang Ayu,2013
289,Hortikultura,Anggrek,https://www.litbang.pertanian.go.id/varietas/1047/,Udapa Pink,2013
290,Hortikultura,Krisan,https://www.litbang.pertanian.go.id/varietas/1054/,Arosuka Pelangi,2013
291,Hortikultura,Krisan,https://www.litbang.pertanian.go.id/varietas/1053/,Solinda Pelangi,2013
292,Hortikultura,Gladiol,https://www.litbang.pertanian.go.id/varietas/1055/,Devi,2013
293,Hortikultura,Gladiol,https://www.litbang.pertanian.go.id/varietas/1056/,Firda,2013
294,Hortikultura,Anyelir,https://www.litbang.pertanian.go.id/varietas/1052/,Aruna,2013
295,Hortikultura,Anyelir,https://www.litbang.pertanian.go.id/varietas/1051/,Belani,2013
296,Hortikultura,Anyelir,https://www.litbang.pertanian.go.id/varietas/1050/,Bintari,2013
297,Hortikultura,Anyelir,https://www.litbang.pertanian.go.id/varietas/1048/,Laksmi,2013
298,Hortikultura,Anyelir,https://www.litbang.pertanian.go.id/varietas/1049/,Laras,2013
299,Tanaman Perkebunan,Pinang,https://www.litbang.pertanian.go.id/varietas/1035/,Pinang Betara,2013
300,Tanaman Pangan,Gandum,https://www.litbang.pertanian.go.id/varietas/1029/,Guri 1,2013
301,Tanaman Pangan,Gandum,https://www.litbang.pertanian.go.id/varietas/1030/,Guri 2,2013
302,Tanaman Perkebunan,Jarak Kepyar,https://www.litbang.pertanian.go.id/varietas/1275/,Asb 22,2013
303,Tanaman Perkebunan,Jarak Kepyar,https://www.litbang.pertanian.go.id/varietas/1277/,Asb 60,2013
304,Tanaman Perkebunan,Rosela,https://www.litbang.pertanian.go.id/varietas/1294/,Roselindo 1,2013
305,Tanaman Perkebunan,Rosela,https://www.litbang.pertanian.go.id/varietas/1295/,Roselindo 2,2013
306,Tanaman Perkebunan,Rosela,https://www.litbang.pertanian.go.id/varietas/1296/,Roselindo 3,2013
307,Tanaman Perkebunan,Rosela,https://www.litbang.pertanian.go.id/varietas/1297/,Roselindo 4,2013
308,Tanaman Pangan,Padi Sawah Irigasi,https://www.litbang.pertanian.go.id/varietas/839/,Inpari 21 Batipuah,2012
309,Tanaman Pangan,Padi Sawah Irigasi,https://www.litbang.pertanian.go.id/varietas/840/,Inpari 22,2012
310,Tanaman Pangan,Padi Sawah Irigasi,https://www.litbang.pertanian.go.id/varietas/841/,Inpari 23 Bantul,2012
311,Tanaman Pangan,Padi Sawah Irigasi,https://www.litbang.pertanian.go.id/varietas/842/,Inpari 24 Gabusan,2012
312,Tanaman Pangan,Padi Sawah Irigasi,https://www.litbang.pertanian.go.id/varietas/843/,Inpari 25 Opak Jaya,2012
313,Tanaman Pangan,Padi Sawah Irigasi,https://www.litbang.pertanian.go.id/varietas/844/,Inpari 26,2012
314,Tanaman Pangan,Padi Sawah Irigasi,https://www.litbang.pertanian.go.id/varietas/845/,Inpari 27,2012
315,Tanaman Pangan,Padi Sawah Irigasi,https://www.litbang.pertanian.go.id/varietas/846/,Inpari 28 Kerinci,2012
316,Tanaman Pangan,Padi Sawah Irigasi,https://www.litbang.pertanian.go.id/varietas/847/,Inpari 29 Rendaman,2012
317,Tanaman Pangan,Padi Sawah Irigasi,https://www.litbang.pertanian.go.id/varietas/848/,Inpari 30 Ciherang Sub 1,2012
318,Tanaman Pangan,Padi Gogo,https://www.litbang.pertanian.go.id/varietas/850/,Inpago 9,2012
319,Tanaman Pangan,Padi Rawa,https://www.litbang.pertanian.go.id/varietas/849/,Inpara 7,2012
320,Tanaman Pangan,Jagung Hibrida,https://www.litbang.pertanian.go.id/varietas/851/,Bima 16,2012
321,Tanaman Pangan,Jagung Hibrida,https://www.litbang.pertanian.go.id/varietas/1353/,Bima Putih 1,2012
322,Tanaman Pangan,Jagung Hibrida,https://www.litbang.pertanian.go.id/varietas/1354/,Bima Putih 2,2012
323,Tanaman Pangan,Kacang Tanah,https://www.litbang.pertanian.go.id/varietas/859/,Hypoma 1,2012
324,Tanaman Pangan,Kacang Tanah,https://www.litbang.pertanian.go.id/varietas/860/,Hypoma 2,2012
325,Tanaman Pangan,Kacang Tanah,https://www.litbang.pertanian.go.id/varietas/857/,Takar 1,2012
326,Tanaman Pangan,Kacang Tanah,https://www.litbang.pertanian.go.id/varietas/858/,Takar 2,2012
327,Tanaman Pangan,Kedelai,https://www.litbang.pertanian.go.id/varietas/856/,Dering 1,2012
328,Tanaman Pangan,Ubi Kayu,https://www.litbang.pertanian.go.id/varietas/914/,Litbang UK-2,2012
329,Tanaman Perkebunan,Aren,https://www.litbang.pertanian.go.id/varietas/1247/,Aren Genjah Kutai Timur,2012
330,Tanaman Perkebunan,Wijen,https://www.litbang.pertanian.go.id/varietas/852/,Winas 1,2012
331,Tanaman Perkebunan,Wijen,https://www.litbang.pertanian.go.id/varietas/853/,Winas 2,2012
332,Tanaman Perkebunan,Atsiri,https://www.litbang.pertanian.go.id/varietas/854/,Verina 1,2012
333,Tanaman Perkebunan,Atsiri,https://www.litbang.pertanian.go.id/varietas/855/,Verina 2,2012
334,Tanaman Perkebunan,_ Jarak Pagar,https://www.litbang.pertanian.go.id/varietas/1299/,IP-3A,2012
335,Tanaman Perkebunan,_ Jarak Pagar,https://www.litbang.pertanian.go.id/varietas/1279/,IP-3P,2012
336,Tanaman Pangan,Padi Sawah Irigasi,https://www.litbang.pertanian.go.id/varietas/785/,Inpari 14 Pakuan,2011
337,Tanaman Pangan,Padi Sawah Irigasi,https://www.litbang.pertanian.go.id/varietas/786/,Inpari 15 Parahyangan,2011
338,Tanaman Pangan,Padi Sawah Irigasi,https://www.litbang.pertanian.go.id/varietas/787/,Inpari 16 Pasundan,2011
339,Tanaman Pangan,Padi Sawah Irigasi,https://www.litbang.pertanian.go.id/varietas/789/,Inpari 17,2011
340,Tanaman Pangan,Padi Sawah Irigasi,https://www.litbang.pertanian.go.id/varietas/790/,Inpari 18,2011
341,Tanaman Pangan,Padi Sawah Irigasi,https://www.litbang.pertanian.go.id/varietas/791/,Inpari 19,2011
342,Tanaman Pangan,Padi Sawah Irigasi,https://www.litbang.pertanian.go.id/varietas/792/,Inpari 20,2011
343,Tanaman Pangan,Padi Sawah Irigasi,https://www.litbang.pertanian.go.id/varietas/788/,Inpari Sidenuk,2011
344,Tanaman Pangan,Padi Gogo,https://www.litbang.pertanian.go.id/varietas/797/,Inpago 7,2011
345,Tanaman Pangan,Padi Gogo,https://www.litbang.pertanian.go.id/varietas/796/,Inpago 8,2011
346,Tanaman Pangan,Padi Gogo,https://www.litbang.pertanian.go.id/varietas/794/,Inpago Unram 1,2011
347,Tanaman Pangan,Padi Gogo,https://www.litbang.pertanian.go.id/varietas/795/,Inpago Unsoed 1,2011
348,Tanaman Pangan,Padi Hibrida,https://www.litbang.pertanian.go.id/varietas/801/,Hipa 12 SBU,2011
349,Tanaman Pangan,Padi Hibrida,https://www.litbang.pertanian.go.id/varietas/802/,Hipa 13,2011
350,Tanaman Pangan,Padi Hibrida,https://www.litbang.pertanian.go.id/varietas/803/,Hipa 14 SBU,2011
351,Tanaman Pangan,Padi Hibrida,https://www.litbang.pertanian.go.id/varietas/798/,Hipa Jatim1,2011
352,Tanaman Pangan,Padi Hibrida,https://www.litbang.pertanian.go.id/varietas/799/,Hipa Jatim 2,2011
353,Tanaman Pangan,Padi Hibrida,https://www.litbang.pertanian.go.id/varietas/800/,Hipa Jatim 3,2011
354,Tanaman Pangan,Jagung,https://www.litbang.pertanian.go.id/varietas/837/,Provit A1,2011
355,Tanaman Pangan,Jagung,https://www.litbang.pertanian.go.id/varietas/838/,Provit A2,2011
356,Tanaman Pangan,Jagung Hibrida,https://www.litbang.pertanian.go.id/varietas/1347/,Bima 12Q,2011
357,Tanaman Pangan,Jagung Hibrida,https://www.litbang.pertanian.go.id/varietas/1348/,Bima 13Q,2011
358,Tanaman Pangan,Jagung Hibrida,https://www.litbang.pertanian.go.id/varietas/1349/,Bima 14 Batara,2011
359,Tanaman Pangan,Jagung Hibrida,https://www.litbang.pertanian.go.id/varietas/1350/,Bima 15 Sayang,2011
360,Tanaman Pangan,Kedelai,https://www.litbang.pertanian.go.id/varietas/804/,Gema,2011
361,Hortikultura,Cabai,https://www.litbang.pertanian.go.id/varietas/863/,Ciko,2011
362,Hortikultura,Cabai,https://www.litbang.pertanian.go.id/varietas/864/,Kencana,2011
363,Hortikultura,Cabai,https://www.litbang.pertanian.go.id/varietas/889/,Lingga,2011
364,Hortikultura,Kentang,https://www.litbang.pertanian.go.id/varietas/1202/,Andina,2011
365,Hortikultura,Kentang,https://www.litbang.pertanian.go.id/varietas/813/,Kastanum,2011
366,Hortikultura,Kentang,https://www.litbang.pertanian.go.id/varietas/812/,Verney,2011
367,Hortikultura,Tomat,https://www.litbang.pertanian.go.id/varietas/866/,RUBY Beb 05-08,2011
368,Hortikultura,Tomat,https://www.litbang.pertanian.go.id/varietas/867/,TOPAZ Beb 07 - 04,2011
369,Hortikultura,Tomat,https://www.litbang.pertanian.go.id/varietas/865/,Tosca,2011
370,Hortikultura,Bawang Merah,https://www.litbang.pertanian.go.id/varietas/871/,Mentes,2011
371,Hortikultura,Bawang Merah,https://www.litbang.pertanian.go.id/varietas/870/,Pancasaona,2011
372,Hortikultura,Bawang Merah,https://www.litbang.pertanian.go.id/varietas/884/,Pancasona,2011
373,Hortikultura,Bawang Merah,https://www.litbang.pertanian.go.id/varietas/868/,Pikatan,2011
374,Hortikultura,Bawang Merah,https://www.litbang.pertanian.go.id/varietas/869/,Trisula,2011
375,Hortikultura,Buncis,https://www.litbang.pertanian.go.id/varietas/875/,Balitsa 1,2011
376,Hortikultura,Buncis,https://www.litbang.pertanian.go.id/varietas/876/,Balitsa 2,2011
377,Hortikultura,Buncis,https://www.litbang.pertanian.go.id/varietas/877/,Balitsa 3,2011
378,Hortikultura,Jamur,https://www.litbang.pertanian.go.id/varietas/896/,Emas,2011
379,Hortikultura,Jamur,https://www.litbang.pertanian.go.id/varietas/873/,Ratu,2011
380,Hortikultura,Jamur,https://www.litbang.pertanian.go.id/varietas/874/,Zafira,2011
381,Hortikultura,Jeruk,https://www.litbang.pertanian.go.id/varietas/814/,Japansche Citroen,2011
382,Hortikultura,Jeruk,https://www.litbang.pertanian.go.id/varietas/995/,Pamelo Nambangan,2011
383,Hortikultura,Pepaya,https://www.litbang.pertanian.go.id/varietas/811/,Merah Delima,2011
384,Hortikultura,Pepaya,https://www.litbang.pertanian.go.id/varietas/1198/,Pepaya Merah Delima,2011
385,Hortikultura,Anggrek,https://www.litbang.pertanian.go.id/varietas/826/,Rahayuni,2011
386,Hortikultura,Anggrek,https://www.litbang.pertanian.go.id/varietas/824/,Sri Mulyani,2011
387,Hortikultura,Anggrek,https://www.litbang.pertanian.go.id/varietas/825/,Sri Rahayu,2011
388,Hortikultura,Mawar,https://www.litbang.pertanian.go.id/varietas/815/,Pracita,2011
389,Hortikultura,Mawar,https://www.litbang.pertanian.go.id/varietas/816/,Siska,2011
390,Hortikultura,Krisan,https://www.litbang.pertanian.go.id/varietas/834/,Cintamani,2011
391,Hortikultura,Krisan,https://www.litbang.pertanian.go.id/varietas/835/,Kusumapatria,2011
392,Hortikultura,Krisan,https://www.litbang.pertanian.go.id/varietas/833/,Kusumasakti,2011
393,Hortikultura,Krisan,https://www.litbang.pertanian.go.id/varietas/831/,Kusumaswasti,2011
394,Hortikultura,Krisan,https://www.litbang.pertanian.go.id/varietas/836/,Ratnahapsari,2011
395,Hortikultura,Krisan,https://www.litbang.pertanian.go.id/varietas/832/,Sasikirana,2011
396,Hortikultura,Gladiol,https://www.litbang.pertanian.go.id/varietas/823/,Nurfitri,2011
397,Hortikultura,Gladiol,https://www.litbang.pertanian.go.id/varietas/822/,Nurlaila,2011
398,Hortikultura,Lili,https://www.litbang.pertanian.go.id/varietas/817/,Liana,2011
399,Hortikultura,Lili,https://www.litbang.pertanian.go.id/varietas/818/,Liani,2011
400,Hortikultura,Lili,https://www.litbang.pertanian.go.id/varietas/819/,Renita,2011
401,Hortikultura,Lili,https://www.litbang.pertanian.go.id/varietas/820/,Reniti,2011
402,Hortikultura,Lili,https://www.litbang.pertanian.go.id/varietas/821/,Renito,2011
403,Hortikultura,Anthurium,https://www.litbang.pertanian.go.id/varietas/827/,Jamrud,2011
404,Hortikultura,Anthurium,https://www.litbang.pertanian.go.id/varietas/828/,Red Sapphire,2011
405,Hortikultura,Anyelir,https://www.litbang.pertanian.go.id/varietas/830/,Brenda,2011
406,Hortikultura,Anyelir,https://www.litbang.pertanian.go.id/varietas/829/,Laura,2011
407,Tanaman Perkebunan,Tanaman Obat,https://www.litbang.pertanian.go.id/varietas/1302/,Pegagan Var. Castina 1,2011
408,Tanaman Perkebunan,Tanaman Obat,https://www.litbang.pertanian.go.id/varietas/1303/,Pegagan Var. Castina 3,2011
409,Tanaman Perkebunan,Jambu Mete,https://www.litbang.pertanian.go.id/varietas/213/,Muna,2011
410,Tanaman Perkebunan,Aneka Tanaman Perkebunan,https://www.litbang.pertanian.go.id/varietas/809/,Castina 1,2011
411,Tanaman Perkebunan,Aneka Tanaman Perkebunan,https://www.litbang.pertanian.go.id/varietas/810/,Castina 3,2011
412,Tanaman Pangan,Padi Sawah Irigasi,https://www.litbang.pertanian.go.id/varietas/751/,Inpari 11,2010
413,Tanaman Pangan,Padi Sawah Irigasi,https://www.litbang.pertanian.go.id/varietas/752/,Inpari 12,2010
414,Tanaman Pangan,Padi Sawah Irigasi,https://www.litbang.pertanian.go.id/varietas/749/,Inpari 13,2010
415,Tanaman Pangan,Padi Gogo,https://www.litbang.pertanian.go.id/varietas/754/,Inpago 4,2010
416,Tanaman Pangan,Padi Gogo,https://www.litbang.pertanian.go.id/varietas/755/,Inpago 5,2010
417,Tanaman Pangan,Padi Gogo,https://www.litbang.pertanian.go.id/varietas/756/,Inpago 6,2010
418,Tanaman Pangan,Padi Rawa,https://www.litbang.pertanian.go.id/varietas/750/,Inpara 6,2010
419,Tanaman Pangan,Padi Hibrida,https://www.litbang.pertanian.go.id/varietas/758/,Hipa 10,2010
420,Tanaman Pangan,Padi Hibrida,https://www.litbang.pertanian.go.id/varietas/759/,Hipa 11,2010
421,Tanaman Pangan,Padi Hibrida,https://www.litbang.pertanian.go.id/varietas/757/,Hipa 9,2010
422,Tanaman Pangan,Jagung Hibrida,https://www.litbang.pertanian.go.id/varietas/747/,Bima 10,2010
423,Tanaman Pangan,Jagung Hibrida,https://www.litbang.pertanian.go.id/varietas/748/,Bima 11,2010
424,Tanaman Pangan,Jagung Hibrida,https://www.litbang.pertanian.go.id/varietas/744/,Bima 7,2010
425,Tanaman Pangan,Jagung Hibrida,https://www.litbang.pertanian.go.id/varietas/745/,Bima 8,2010
426,Tanaman Pangan,Jagung Hibrida,https://www.litbang.pertanian.go.id/varietas/746/,Bima 9,2010
427,Tanaman Pangan,Kacang Tanah,https://www.litbang.pertanian.go.id/varietas/760/,Talam 1,2010
428,Tanaman Pangan,Kedelai,https://www.litbang.pertanian.go.id/varietas/1318/,Mutiara 1,2010
429,Hortikultura,Pisang,https://www.litbang.pertanian.go.id/varietas/978/,Ketan 01,2010
430,Hortikultura,Mangga,https://www.litbang.pertanian.go.id/varietas/960/,Garifta Kuning,2010
431,Hortikultura,Mangga,https://www.litbang.pertanian.go.id/varietas/959/,Garifta Merah,2010
432,Hortikultura,Mangga,https://www.litbang.pertanian.go.id/varietas/958/,Garifta Oranye,2010
433,Hortikultura,Melon,https://www.litbang.pertanian.go.id/varietas/968/,Balitbu Tropika 01,2010
434,Hortikultura,Melon,https://www.litbang.pertanian.go.id/varietas/969/,Balitbu Tropika 02,2010
435,Hortikultura,Nanas,https://www.litbang.pertanian.go.id/varietas/929/,Hibrid N-103.7,2010
436,Hortikultura,Nanas,https://www.litbang.pertanian.go.id/varietas/928/,Hibrid N-115.3,2010
437,Hortikultura,Nanas,https://www.litbang.pertanian.go.id/varietas/930/,Hibrid N-119.5,2010
438,Hortikultura,Nanas,https://www.litbang.pertanian.go.id/varietas/931/,Hibrid N-155.2a,2010
439,Hortikultura,Salak,https://www.litbang.pertanian.go.id/varietas/940/,Salak 01,2010
440,Hortikultura,Salak,https://www.litbang.pertanian.go.id/varietas/937/,Salak 164,2010
441,Hortikultura,Salak,https://www.litbang.pertanian.go.id/varietas/941/,Salak 232,2010
442,Hortikultura,Salak,https://www.litbang.pertanian.go.id/varietas/938/,Salak 454,2010
443,Hortikultura,Salak,https://www.litbang.pertanian.go.id/varietas/932/,Salak 51,2010
444,Hortikultura,Salak,https://www.litbang.pertanian.go.id/varietas/936/,Salak 557,2010
445,Hortikultura,Salak,https://www.litbang.pertanian.go.id/varietas/944/,Sari Intan 295,2010
446,Hortikultura,Salak,https://www.litbang.pertanian.go.id/varietas/942/,Sari Intan 48,2010
447,Hortikultura,Pepaya,https://www.litbang.pertanian.go.id/varietas/975/,Balitbu Tropika 03,2010
448,Hortikultura,Pepaya,https://www.litbang.pertanian.go.id/varietas/976/,Balitbu Tropika 04,2010
449,Hortikultura,Pepaya,https://www.litbang.pertanian.go.id/varietas/977/,Balitbu Tropika 05,2010
450,Hortikultura,Pepaya,https://www.litbang.pertanian.go.id/varietas/970/,Carindo,2010
451,Hortikultura,Anggur,https://www.litbang.pertanian.go.id/varietas/988/,Anggur Jestro Ag60,2010
452,Hortikultura,Anggur,https://www.litbang.pertanian.go.id/varietas/989/,Anggur Jestro Ag86,2010
453,Hortikultura,Mawar,https://www.litbang.pertanian.go.id/varietas/781/,Valerie,2010
454,Hortikultura,Krisan,https://www.litbang.pertanian.go.id/varietas/710/,Asmarandana,2010
455,Hortikultura,Krisan,https://www.litbang.pertanian.go.id/varietas/711/,Dwina Kencana,2010
456,Hortikultura,Krisan,https://www.litbang.pertanian.go.id/varietas/712/,Dwina Pelangi,2010
457,Hortikultura,Krisan,https://www.litbang.pertanian.go.id/varietas/720/,Paras Ratu,2010
458,Hortikultura,Krisan,https://www.litbang.pertanian.go.id/varietas/715/,Pasopati,2010
459,Hortikultura,Krisan,https://www.litbang.pertanian.go.id/varietas/716/,Permana,2010
460,Hortikultura,Krisan,https://www.litbang.pertanian.go.id/varietas/717/,Pramudita,2010
461,Hortikultura,Krisan,https://www.litbang.pertanian.go.id/varietas/721/,Puspa Kayani,2010
462,Hortikultura,Krisan,https://www.litbang.pertanian.go.id/varietas/718/,Raspati,2010
463,Hortikultura,Krisan,https://www.litbang.pertanian.go.id/varietas/708/,Ratna Wisesa,2010
464,Hortikultura,Krisan,https://www.litbang.pertanian.go.id/varietas/709/,Tiara Salila,2010
465,Hortikultura,Krisan,https://www.litbang.pertanian.go.id/varietas/772/,Wastu Kania,2010
466,Hortikultura,Gladiol,https://www.litbang.pertanian.go.id/varietas/775/,Alika,2010
467,Hortikultura,Gladiol,https://www.litbang.pertanian.go.id/varietas/776/,Fitri,2010
468,Hortikultura,Gladiol,https://www.litbang.pertanian.go.id/varietas/777/,Nafa,2010
469,Hortikultura,Lili,https://www.litbang.pertanian.go.id/varietas/778/,Arumsari,2010
470,Hortikultura,Lili,https://www.litbang.pertanian.go.id/varietas/779/,Delini,2010
471,Hortikultura,Lili,https://www.litbang.pertanian.go.id/varietas/780/,Renata,2010
472,Hortikultura,Apel,https://www.litbang.pertanian.go.id/varietas/982/,Megumi,2010
473,Hortikultura,Apel,https://www.litbang.pertanian.go.id/varietas/983/,Osako,2010
474,Hortikultura,Anyelir,https://www.litbang.pertanian.go.id/varietas/774/,Sitari,2010
475,Tanaman Perkebunan,Tanaman Obat,https://www.litbang.pertanian.go.id/varietas/1304/,Mentha Var. Mearsia 1,2010
476,Tanaman Pangan,Padi Sawah Irigasi,https://www.litbang.pertanian.go.id/varietas/687/,Inpari 10 Laeya,2009
477,Tanaman Pangan,Padi Sawah Irigasi,https://www.litbang.pertanian.go.id/varietas/782/,Inpari 7 Lanrang,2009
478,Tanaman Pangan,Padi Sawah Irigasi,https://www.litbang.pertanian.go.id/varietas/783/,Inpari 8,2009
479,Tanaman Pangan,Padi Sawah Irigasi,https://www.litbang.pertanian.go.id/varietas/686/,Inpari 9 Elo,2009
480,Tanaman Pangan,Padi Rawa,https://www.litbang.pertanian.go.id/varietas/676/,Inpara 1,2009
481,Tanaman Pangan,Padi Rawa,https://www.litbang.pertanian.go.id/varietas/677/,Inpara 2,2009
482,Tanaman Pangan,Padi Rawa,https://www.litbang.pertanian.go.id/varietas/678/,Inpara 3,2009
483,Tanaman Pangan,Padi Rawa,https://www.litbang.pertanian.go.id/varietas/741/,Inpara 4,2009
484,Tanaman Pangan,Padi Rawa,https://www.litbang.pertanian.go.id/varietas/742/,Inpara 5,2009
485,Tanaman Pangan,Padi Hibrida,https://www.litbang.pertanian.go.id/varietas/689/,Hipa 7,2009
486,Tanaman Pangan,Padi Hibrida,https://www.litbang.pertanian.go.id/varietas/784/,Hipa 8 Pioneer,2009
487,Tanaman Pangan,Ubi Jalar,https://www.litbang.pertanian.go.id/varietas/1153/,Beta 1,2009
488,Tanaman Pangan,Ubi Jalar,https://www.litbang.pertanian.go.id/varietas/1311/,Beta 2,2009
489,Hortikultura,Kentang,https://www.litbang.pertanian.go.id/varietas/684/,GM 05,2009
490,Hortikultura,Kentang,https://www.litbang.pertanian.go.id/varietas/683/,GM 08,2009
491,Hortikultura,Kentang,https://www.litbang.pertanian.go.id/varietas/685/,Ping 06,2009
492,Hortikultura,Pisang,https://www.litbang.pertanian.go.id/varietas/981/,Kepok Tanjung,2009
493,Hortikultura,Pisang,https://www.litbang.pertanian.go.id/varietas/681/,Raja Kinalun,2009
494,Hortikultura,Pisang,https://www.litbang.pertanian.go.id/varietas/107/,Raja Siem,2009
495,Hortikultura,Manggis,https://www.litbang.pertanian.go.id/varietas/707/,Marel,2009
496,Hortikultura,Manggis,https://www.litbang.pertanian.go.id/varietas/568/,Ratu Kamang,2009
497,Hortikultura,Manggis,https://www.litbang.pertanian.go.id/varietas/679/,Ratu Tembilahan,2009
498,Hortikultura,Mangga,https://www.litbang.pertanian.go.id/varietas/961/,Garifta Gading,2009
499,Hortikultura,Salak,https://www.litbang.pertanian.go.id/varietas/943/,Sari Intan 541,2009
500,Hortikultura,Krisan,https://www.litbang.pertanian.go.id/varietas/713/,Kinanti,2009
501,Hortikultura,Krisan,https://www.litbang.pertanian.go.id/varietas/714/,Mustika Kaniya,2009
502,Hortikultura,Krisan,https://www.litbang.pertanian.go.id/varietas/722/,Padma Buana,2009
503,Hortikultura,Krisan,https://www.litbang.pertanian.go.id/varietas/719/,Swarna Kencana,2009
504,Hortikultura,Gladiol,https://www.litbang.pertanian.go.id/varietas/725/,Annisa,2009
505,Hortikultura,Gladiol,https://www.litbang.pertanian.go.id/varietas/726/,Raiza,2009
506,Hortikultura,Anthurium,https://www.litbang.pertanian.go.id/varietas/723/,Mutiara,2009
507,Hortikultura,Anthurium,https://www.litbang.pertanian.go.id/varietas/724/,Putri Gunung,2009
508,Hortikultura,Anyelir,https://www.litbang.pertanian.go.id/varietas/917/,Bianca / Vitari,2009
509,Tanaman Perkebunan,Kapuk,https://www.litbang.pertanian.go.id/varietas/730/,LC 31,2009
510,Tanaman Perkebunan,Pala,https://www.litbang.pertanian.go.id/varietas/733/,Ternate 1,2009
511,Tanaman Perkebunan,Pala,https://www.litbang.pertanian.go.id/varietas/732/,Tidore 1,2009
512,Tanaman Perkebunan,Pala,https://www.litbang.pertanian.go.id/varietas/731/,Tobelo 1,2009
513,Tanaman Pangan,Padi Sawah Irigasi,https://www.litbang.pertanian.go.id/varietas/670/,Inpari 1,2008
514,Tanaman Pangan,Padi Sawah Irigasi,https://www.litbang.pertanian.go.id/varietas/671/,Inpari 2,2008
515,Tanaman Pangan,Padi Sawah Irigasi,https://www.litbang.pertanian.go.id/varietas/672/,Inpari 3,2008
516,Tanaman Pangan,Padi Sawah Irigasi,https://www.litbang.pertanian.go.id/varietas/673/,Inpari 4,2008
517,Tanaman Pangan,Padi Sawah Irigasi,https://www.litbang.pertanian.go.id/varietas/674/,Inpari 5 Merawu,2008
518,Tanaman Pangan,Padi Sawah Irigasi,https://www.litbang.pertanian.go.id/varietas/675/,Inpari 6 Jete,2008
519,Tanaman Pangan,Jagung Hibrida,https://www.litbang.pertanian.go.id/varietas/1345/,Bima 4,2008
520,Tanaman Pangan,Jagung Hibrida,https://www.litbang.pertanian.go.id/varietas/1346/,Bima 5,2008
521,Tanaman Pangan,Jagung Hibrida,https://www.litbang.pertanian.go.id/varietas/743/,Bima 6,2008
522,Tanaman Pangan,Kedelai,https://www.litbang.pertanian.go.id/varietas/543/,Detam-1,2008
523,Tanaman Pangan,Kedelai,https://www.litbang.pertanian.go.id/varietas/544/,Detam-2,2008
524,Tanaman Pangan,Kedelai,https://www.litbang.pertanian.go.id/varietas/1322/,Gepak Ijo,2008
525,Tanaman Pangan,Kedelai,https://www.litbang.pertanian.go.id/varietas/1323/,Gepak Kuning,2008
526,Tanaman Pangan,Kedelai,https://www.litbang.pertanian.go.id/varietas/545/,Grobogan,2008
527,Tanaman Pangan,Kedelai,https://www.litbang.pertanian.go.id/varietas/1324/,Kipas Merah Bireuen,2008
528,Tanaman Pangan,Kedelai,https://www.litbang.pertanian.go.id/varietas/1321/,Mitani,2008
529,Tanaman Pangan,Kacang Hijau,https://www.litbang.pertanian.go.id/varietas/546/,Vima 1,2008
530,Hortikultura,Cabai,https://www.litbang.pertanian.go.id/varietas/21/,Lembang-1,2008
531,Hortikultura,Cabai,https://www.litbang.pertanian.go.id/varietas/888/,Tanjung-1,2008
532,Hortikultura,Cabai,https://www.litbang.pertanian.go.id/varietas/20/,Tanjung-2,2008
533,Hortikultura,Kentang,https://www.litbang.pertanian.go.id/varietas/892/,Balsa,2008
534,Hortikultura,Kentang,https://www.litbang.pertanian.go.id/varietas/894/,Kikondo,2008
535,Hortikultura,Kentang,https://www.litbang.pertanian.go.id/varietas/895/,Margahayu,2008
536,Hortikultura,Kentang,https://www.litbang.pertanian.go.id/varietas/891/,Repita,2008
537,Hortikultura,Kentang,https://www.litbang.pertanian.go.id/varietas/893/,Tenggo,2008
538,Hortikultura,Bawang Merah,https://www.litbang.pertanian.go.id/varietas/604/,Katumi,2008
539,Hortikultura,Bawang Merah,https://www.litbang.pertanian.go.id/varietas/603/,Sembrani,2008
540,Hortikultura,Jeruk,https://www.litbang.pertanian.go.id/varietas/993/,Jeruk Keprok Kacang,2008
541,Hortikultura,Jeruk,https://www.litbang.pertanian.go.id/varietas/992/,Jeruk Siam Gunung Omeh,2008
542,Hortikultura,Anggrek,https://www.litbang.pertanian.go.id/varietas/904/,Ani Bambang Yudhoyono,2008
543,Hortikultura,Anggrek,https://www.litbang.pertanian.go.id/varietas/903/,Kartika,2008
544,Hortikultura,Anggrek,https://www.litbang.pertanian.go.id/varietas/900/,Koneng Layung,2008
545,Hortikultura,Anggrek,https://www.litbang.pertanian.go.id/varietas/899/,Phalaenopsis Puspa Tiara Kencana,2008
546,Hortikultura,Anggrek,https://www.litbang.pertanian.go.id/varietas/901/,Puspa Enay,2008
547,Hortikultura,Anggrek,https://www.litbang.pertanian.go.id/varietas/902/,Sutera Ungu,2008
548,Hortikultura,Mawar,https://www.litbang.pertanian.go.id/varietas/921/,Clarissa,2008
549,Hortikultura,Mawar,https://www.litbang.pertanian.go.id/varietas/919/,Rosma,2008
550,Hortikultura,Gladiol,https://www.litbang.pertanian.go.id/varietas/660/,Fatimah,2008
551,Hortikultura,Gladiol,https://www.litbang.pertanian.go.id/varietas/661/,Gentina,2008
552,Hortikultura,Gladiol,https://www.litbang.pertanian.go.id/varietas/662/,Hunaena,2008
553,Hortikultura,Lili,https://www.litbang.pertanian.go.id/varietas/908/,Candilongi,2008
554,Hortikultura,Lili,https://www.litbang.pertanian.go.id/varietas/907/,Delina,2008
555,Hortikultura,Lili,https://www.litbang.pertanian.go.id/varietas/906/,Deloren,2008
556,Hortikultura,Lili,https://www.litbang.pertanian.go.id/varietas/905/,Fomolongi,2008
557,Hortikultura,Anthurium,https://www.litbang.pertanian.go.id/varietas/912/,Permata Hati,2008
558,Hortikultura,Anthurium,https://www.litbang.pertanian.go.id/varietas/911/,Red Flamingo,2008
559,Hortikultura,Anthurium,https://www.litbang.pertanian.go.id/varietas/913/,Violetta,2008
560,Hortikultura,Alpinia,https://www.litbang.pertanian.go.id/varietas/924/,Amorina,2008
561,Hortikultura,Alpinia,https://www.litbang.pertanian.go.id/varietas/927/,Bethari,2008
562,Hortikultura,Alpinia,https://www.litbang.pertanian.go.id/varietas/926/,Fatra,2008
563,Hortikultura,Alpinia,https://www.litbang.pertanian.go.id/varietas/925/,Kusuma,2008
564,Hortikultura,Sedap Malam,https://www.litbang.pertanian.go.id/varietas/879/,Dian Arum,2008
565,Hortikultura,Tanaman Hias,https://www.litbang.pertanian.go.id/varietas/878/,Amorina,2008
566,Hortikultura,Anyelir,https://www.litbang.pertanian.go.id/varietas/916/,Alifia,2008
567,Tanaman Perkebunan,Vanili,https://www.litbang.pertanian.go.id/varietas/1291/,Vania 1,2008
568,Tanaman Perkebunan,Kapas,https://www.litbang.pertanian.go.id/varietas/413/,Kanesia 10,2008
569,Tanaman Perkebunan,Kapas,https://www.litbang.pertanian.go.id/varietas/415/,Kanesia 11,2008
570,Tanaman Perkebunan,Kapas,https://www.litbang.pertanian.go.id/varietas/416/,Kanesia 12,2008
571,Tanaman Perkebunan,Kapas,https://www.litbang.pertanian.go.id/varietas/414/,Kanesia 13,2008
572,Tanaman Perkebunan,Kelapa,https://www.litbang.pertanian.go.id/varietas/1266/,Kelapa Dalam Rennel (DRL),2008
573,Tanaman Perkebunan,Jambu Mete,https://www.litbang.pertanian.go.id/varietas/214/,B 02,2008
574,Tanaman Perkebunan,Jambu Mete,https://www.litbang.pertanian.go.id/varietas/1272/,Meteor YK,2008
575,Tanaman Perkebunan,Jambu Mete,https://www.litbang.pertanian.go.id/varietas/75/,MPE-1,2008
576,Tanaman Perkebunan,Jambu Mete,https://www.litbang.pertanian.go.id/varietas/1271/,MPF-1,2008
577,Hortikultura,_ Kasturi,https://www.litbang.pertanian.go.id/varietas/910/,Sekar Souli,2008
578,Tanaman Pangan,Padi Hibrida,https://www.litbang.pertanian.go.id/varietas/475/,Hipa 5 Ceva,2007
579,Tanaman Pangan,Padi Hibrida,https://www.litbang.pertanian.go.id/varietas/476/,Hipa 6 Jete,2007
580,Tanaman Pangan,Jagung Hibrida,https://www.litbang.pertanian.go.id/varietas/1343/,Bima 2 Bantimurung,2007
581,Tanaman Pangan,Jagung Hibrida,https://www.litbang.pertanian.go.id/varietas/1344/,Bima 3 Bantimurung,2007
582,Tanaman Pangan,Kedelai,https://www.litbang.pertanian.go.id/varietas/1325/,Mallika,2007
583,Tanaman Perkebunan,Kapas,https://www.litbang.pertanian.go.id/varietas/1280/,Agri Kanesia 21,2007
584,Tanaman Perkebunan,Kapas,https://www.litbang.pertanian.go.id/varietas/1281/,Agri Kanesia 22,2007
585,Tanaman Perkebunan,Kapas,https://www.litbang.pertanian.go.id/varietas/67/,Kanesia-14,2007
586,Tanaman Perkebunan,Kapas,https://www.litbang.pertanian.go.id/varietas/635/,Kanesia 15,2007
587,Tanaman Perkebunan,Kapuk,https://www.litbang.pertanian.go.id/varietas/410/,Mukti Hardjo 1 (MH 1),2007
588,Tanaman Perkebunan,Kapuk,https://www.litbang.pertanian.go.id/varietas/412/,Mukti Hardjo 2 (MH 2),2007
589,Tanaman Perkebunan,Kapuk,https://www.litbang.pertanian.go.id/varietas/1285/,Mukti Hardjo 3 (MH 3),2007
590,Tanaman Perkebunan,Kapuk,https://www.litbang.pertanian.go.id/varietas/1286/,Mukti Hardjo 4 (MH 4),2007
591,Tanaman Perkebunan,Kapuk,https://www.litbang.pertanian.go.id/varietas/411/,Togo B,2007
592,Tanaman Perkebunan,Tembakau,https://www.litbang.pertanian.go.id/varietas/431/,Bligon 1,2007
593,Tanaman Perkebunan,Tembakau,https://www.litbang.pertanian.go.id/varietas/222/,Gompol 1 Jatim,2007
594,Tanaman Perkebunan,Tembakau,https://www.litbang.pertanian.go.id/varietas/433/,Kasturi 1,2007
595,Tanaman Perkebunan,Tembakau,https://www.litbang.pertanian.go.id/varietas/436/,Kasturi 2,2007
596,Tanaman Perkebunan,Tembakau,https://www.litbang.pertanian.go.id/varietas/71/,Kemloko 2,2007
597,Tanaman Perkebunan,Tembakau,https://www.litbang.pertanian.go.id/varietas/1255/,Kemloko 3,2007
598,Tanaman Perkebunan,Tembakau,https://www.litbang.pertanian.go.id/varietas/435/,Tembakau Asepan Grompol Jatim I,2007
599,Tanaman Perkebunan,Jahe,https://www.litbang.pertanian.go.id/varietas/428/,Halina 1,2007
600,Tanaman Perkebunan,Jahe,https://www.litbang.pertanian.go.id/varietas/429/,Halina 2,2007
601,Tanaman Perkebunan,Jahe,https://www.litbang.pertanian.go.id/varietas/430/,Halina 3,2007
602,Tanaman Perkebunan,Jahe,https://www.litbang.pertanian.go.id/varietas/427/,Halina 4,2007
603,Tanaman Perkebunan,Jahe,https://www.litbang.pertanian.go.id/varietas/426/,Jahira 1,2007
604,Tanaman Perkebunan,Jahe,https://www.litbang.pertanian.go.id/varietas/425/,Jahira 2,2007
605,Tanaman Perkebunan,Jambu Mete,https://www.litbang.pertanian.go.id/varietas/1273/,SM 9,2007
606,Tanaman Perkebunan,Gambir,https://www.litbang.pertanian.go.id/varietas/421/,Cubadak,2007
607,Tanaman Perkebunan,Gambir,https://www.litbang.pertanian.go.id/varietas/420/,Riau,2007
608,Tanaman Perkebunan,Gambir,https://www.litbang.pertanian.go.id/varietas/419/,Udang,2007
609,Tanaman Perkebunan,Wijen,https://www.litbang.pertanian.go.id/varietas/417/,Sumberejo 3 (Sbr 3),2007
610,Tanaman Perkebunan,Wijen,https://www.litbang.pertanian.go.id/varietas/418/,Sumberejo 4 (Sbr 4),2007
611,Hortikultura,_ Kasturi,https://www.litbang.pertanian.go.id/varietas/909/,Sekar Manise,2007
612,Tanaman Perkebunan,_ Kunyit,https://www.litbang.pertanian.go.id/varietas/422/,Turina-1,2007
613,Tanaman Perkebunan,_ Kunyit,https://www.litbang.pertanian.go.id/varietas/423/,Turina-2,2007
614,Tanaman Perkebunan,_ Kunyit,https://www.litbang.pertanian.go.id/varietas/424/,Turina-3,2007
615,Tanaman Perkebunan,_ Rami,https://www.litbang.pertanian.go.id/varietas/409/,Ramindo-1,2007
616,Tanaman Perkebunan,_ Kenaf,https://www.litbang.pertanian.go.id/varietas/437/,Karang Ploso 14 (KR 14),2007
617,Tanaman Perkebunan,_ Kenaf,https://www.litbang.pertanian.go.id/varietas/438/,Karang Ploso 15 (KR 15),2007
618,Tanaman Pangan,Padi,https://www.litbang.pertanian.go.id/varietas/392/,Aek Sibundong,2006
619,Tanaman Pangan,Padi Sawah Irigasi,https://www.litbang.pertanian.go.id/varietas/394/,Sarinah (Padi Sawah),2006
620,Tanaman Pangan,Jagung,https://www.litbang.pertanian.go.id/varietas/537/,Anoman-1,2006
621,Tanaman Pangan,Ubi Jalar,https://www.litbang.pertanian.go.id/varietas/396/,Papua Patippi,2006
622,Tanaman Pangan,Ubi Jalar,https://www.litbang.pertanian.go.id/varietas/397/,Papua Salossa,2006
623,Tanaman Pangan,Ubi Jalar,https://www.litbang.pertanian.go.id/varietas/548/,Sawentar,2006
624,Hortikultura,Duku,https://www.litbang.pertanian.go.id/varietas/400/,Prunggahan Tuban,2006
625,Tanaman Perkebunan,Kelapa,https://www.litbang.pertanian.go.id/varietas/1267/,Kelapa Genjah Kuning Bali (GKB),2006
626,Hortikultura,_ Buah Merah,https://www.litbang.pertanian.go.id/varietas/399/,Mbarugum,2006
627,Hortikultura,_ Matoa,https://www.litbang.pertanian.go.id/varietas/398/,Papua,2006
628,Tanaman Pangan,Kedelai,https://www.litbang.pertanian.go.id/varietas/319/,Argopuro,2005
629,Tanaman Pangan,Kedelai,https://www.litbang.pertanian.go.id/varietas/1326/,Arjasari,2005
630,Tanaman Pangan,Kedelai,https://www.litbang.pertanian.go.id/varietas/318/,Gumitir,2005
631,Hortikultura,Kentang,https://www.litbang.pertanian.go.id/varietas/245/,Erika,2005
632,Hortikultura,Kentang,https://www.litbang.pertanian.go.id/varietas/243/,Fries,2005
633,Hortikultura,Kentang,https://www.litbang.pertanian.go.id/varietas/246/,Krespo,2005
634,Hortikultura,Kentang,https://www.litbang.pertanian.go.id/varietas/247/,Tanggo,2005
635,Hortikultura,Pisang,https://www.litbang.pertanian.go.id/varietas/384/,Kirana,2005
636,Hortikultura,Jeruk,https://www.litbang.pertanian.go.id/varietas/391/,Laukawar,2005
637,Hortikultura,Mangga,https://www.litbang.pertanian.go.id/varietas/656/,Garifta Gading (K Maladah 451),2005
638,Hortikultura,Mangga,https://www.litbang.pertanian.go.id/varietas/655/,Garifta Kuning (Paw Paw),2005
639,Hortikultura,Mangga,https://www.litbang.pertanian.go.id/varietas/654/,Garifta Merah (Liar),2005
640,Hortikultura,Mangga,https://www.litbang.pertanian.go.id/varietas/653/,Garifta Orange (Haden 217),2005
641,Hortikultura,Mangga,https://www.litbang.pertanian.go.id/varietas/657/,Madu 179,2005
642,Hortikultura,Mangga,https://www.litbang.pertanian.go.id/varietas/664/,Sala 250,2005
643,Hortikultura,Mangga,https://www.litbang.pertanian.go.id/varietas/665/,Sari-243,2005
644,Hortikultura,Melon,https://www.litbang.pertanian.go.id/varietas/964/,Galuh,2005
645,Hortikultura,Melon,https://www.litbang.pertanian.go.id/varietas/965/,Garmelo,2005
646,Hortikultura,Melon,https://www.litbang.pertanian.go.id/varietas/966/,Indorif,2005
647,Hortikultura,Melon,https://www.litbang.pertanian.go.id/varietas/248/,Kanaya,2005
648,Hortikultura,Durian,https://www.litbang.pertanian.go.id/varietas/387/,Gapu,2005
649,Hortikultura,Durian,https://www.litbang.pertanian.go.id/varietas/389/,Kelud,2005
650,Hortikultura,Durian,https://www.litbang.pertanian.go.id/varietas/386/,Salisun,2005
651,Hortikultura,Durian,https://www.litbang.pertanian.go.id/varietas/388/,Selat,2005
652,Hortikultura,Semangka,https://www.litbang.pertanian.go.id/varietas/390/,Sae,2005
653,Hortikultura,_ Melati,https://www.litbang.pertanian.go.id/varietas/385/,Ratoh Ebuh,2005
654,Tanaman Pangan,Padi Sawah Irigasi,https://www.litbang.pertanian.go.id/varietas/199/,Hipa-3,2004
655,Tanaman Pangan,Padi Sawah Irigasi,https://www.litbang.pertanian.go.id/varietas/200/,Hipa-4,2004
656,Tanaman Pangan,Padi Sawah Irigasi,https://www.litbang.pertanian.go.id/varietas/198/,Mekongga,2004
657,Tanaman Pangan,Jagung,https://www.litbang.pertanian.go.id/varietas/201/,Srikandi Kuning-1,2004
658,Tanaman Pangan,Jagung,https://www.litbang.pertanian.go.id/varietas/463/,Srikandi Putih-1 (QPM),2004
659,Tanaman Pangan,Kacang Tanah,https://www.litbang.pertanian.go.id/varietas/267/,Bison,2004
660,Tanaman Pangan,Kacang Tanah,https://www.litbang.pertanian.go.id/varietas/263/,Domba,2004
661,Tanaman Pangan,Kedelai,https://www.litbang.pertanian.go.id/varietas/317/,Rajabasa,2004
662,Tanaman Pangan,Kedelai,https://www.litbang.pertanian.go.id/varietas/316/,Ratai,2004
663,Tanaman Pangan,Kedelai,https://www.litbang.pertanian.go.id/varietas/202/,Seulawah,2004
664,Tanaman Pangan,Kacang Hijau,https://www.litbang.pertanian.go.id/varietas/259/,Kutilang,2004
665,Tanaman Perkebunan,Tembakau,https://www.litbang.pertanian.go.id/varietas/638/,Prancak N1,2004
666,Tanaman Perkebunan,Tembakau,https://www.litbang.pertanian.go.id/varietas/1254/,Prancak N2,2004
667,Tanaman Perkebunan,Kelapa,https://www.litbang.pertanian.go.id/varietas/223/,Dalam Bali (DBI),2004
668,Tanaman Perkebunan,Kelapa,https://www.litbang.pertanian.go.id/varietas/224/,Dalam Mapanget (DMT),2004
669,Tanaman Perkebunan,Kelapa,https://www.litbang.pertanian.go.id/varietas/225/,Dalam Palu (DPU),2004
670,Tanaman Perkebunan,Kelapa,https://www.litbang.pertanian.go.id/varietas/226/,Dalam Tenga (DTA),2004
671,Tanaman Pangan,Padi Sawah Irigasi,https://www.litbang.pertanian.go.id/varietas/452/,Batang Piaman,2003
672,Tanaman Pangan,Padi Sawah Irigasi,https://www.litbang.pertanian.go.id/varietas/453/,Ciapus,2003
673,Tanaman Pangan,Padi Sawah Irigasi,https://www.litbang.pertanian.go.id/varietas/153/,Cibogo,2003
674,Tanaman Pangan,Padi Sawah Irigasi,https://www.litbang.pertanian.go.id/varietas/454/,Fatmawati,2003
675,Tanaman Pangan,Padi Sawah Irigasi,https://www.litbang.pertanian.go.id/varietas/154/,Luk Ulo,2003
676,Tanaman Pangan,Padi Sawah Irigasi,https://www.litbang.pertanian.go.id/varietas/450/,Pepe,2003
677,Tanaman Pangan,Padi Gogo,https://www.litbang.pertanian.go.id/varietas/158/,Situ Bagendit,2003
678,Tanaman Pangan,Padi Gogo,https://www.litbang.pertanian.go.id/varietas/159/,Situ Patenggang,2003
679,Tanaman Pangan,Jagung,https://www.litbang.pertanian.go.id/varietas/163/,Palakka,2003
680,Tanaman Pangan,Jagung,https://www.litbang.pertanian.go.id/varietas/164/,Sukmaraga,2003
681,Tanaman Pangan,Kacang Tanah,https://www.litbang.pertanian.go.id/varietas/160/,Tuban,2003
682,Tanaman Pangan,Kedelai,https://www.litbang.pertanian.go.id/varietas/161/,Ijen,2003
683,Tanaman Pangan,Kedelai,https://www.litbang.pertanian.go.id/varietas/162/,Panderman,2003
684,Tanaman Pangan,Kacang Hijau,https://www.litbang.pertanian.go.id/varietas/260/,Sampeong,2003
685,Hortikultura,Jeruk,https://www.litbang.pertanian.go.id/varietas/994/,Jeruk Siam Pontianak,2003
686,Hortikultura,Anggrek,https://www.litbang.pertanian.go.id/varietas/897/,Bintang Merahputih,2003
687,Hortikultura,Anggrek,https://www.litbang.pertanian.go.id/varietas/149/,Bintang Merah Putih,2003
688,Hortikultura,Anggrek,https://www.litbang.pertanian.go.id/varietas/147/,Bintang Segunung,2003
689,Hortikultura,Anggrek,https://www.litbang.pertanian.go.id/varietas/898/,IOCRI Star,2003
690,Hortikultura,Anggrek,https://www.litbang.pertanian.go.id/varietas/148/,Iopri Star,2003
691,Hortikultura,Mawar,https://www.litbang.pertanian.go.id/varietas/922/,Mawar Mini Rosanda,2003
692,Hortikultura,Mawar,https://www.litbang.pertanian.go.id/varietas/923/,Mawar Mini Rosmarun,2003
693,Hortikultura,Mawar,https://www.litbang.pertanian.go.id/varietas/920/,Mawar Mini Yulikara,2003
694,Hortikultura,Mawar,https://www.litbang.pertanian.go.id/varietas/142/,Pergiwati,2003
695,Hortikultura,Mawar,https://www.litbang.pertanian.go.id/varietas/141/,Pergiwo,2003
696,Hortikultura,Mawar,https://www.litbang.pertanian.go.id/varietas/145/,Rosanda,2003
697,Hortikultura,Mawar,https://www.litbang.pertanian.go.id/varietas/146/,Rosmarun,2003
698,Hortikultura,Mawar,https://www.litbang.pertanian.go.id/varietas/144/,Yulikara,2003
699,Hortikultura,Krisan,https://www.litbang.pertanian.go.id/varietas/881/,Puspita Kencana,2003
700,Hortikultura,Krisan,https://www.litbang.pertanian.go.id/varietas/882/,Puspita Nusantara,2003
701,Hortikultura,Krisan,https://www.litbang.pertanian.go.id/varietas/880/,Puspita Pelangi,2003
702,Hortikultura,Gladiol,https://www.litbang.pertanian.go.id/varietas/137/,Clara,2003
703,Hortikultura,Gladiol,https://www.litbang.pertanian.go.id/varietas/138/,Kaifa,2003
704,Hortikultura,Gladiol,https://www.litbang.pertanian.go.id/varietas/139/,Nabila,2003
705,Hortikultura,Alpokat,https://www.litbang.pertanian.go.id/varietas/150/,Mega Gagauan,2003
706,Hortikultura,Alpokat,https://www.litbang.pertanian.go.id/varietas/152/,Mega Murapi,2003
707,Hortikultura,Alpokat,https://www.litbang.pertanian.go.id/varietas/151/,Mega Paninggahan,2003
708,Hortikultura,Anyelir,https://www.litbang.pertanian.go.id/varietas/140/,Puspita Arum,2003
709,Tanaman Perkebunan,Kapas,https://www.litbang.pertanian.go.id/varietas/636/,ISA 205A,2003
710,Tanaman Perkebunan,Kapas,https://www.litbang.pertanian.go.id/varietas/165/,Kanesia 8,2003
711,Tanaman Perkebunan,Kapas,https://www.litbang.pertanian.go.id/varietas/166/,Kanesia 9,2003
712,Tanaman Pangan,Padi Sawah Irigasi,https://www.litbang.pertanian.go.id/varietas/155/,Cigeulis,2002
713,Tanaman Pangan,Padi Sawah Irigasi,https://www.litbang.pertanian.go.id/varietas/156/,Gilirang,2002
714,Tanaman Pangan,Padi Sawah Irigasi,https://www.litbang.pertanian.go.id/varietas/2/,Maro,2002
715,Tanaman Pangan,Padi Sawah Irigasi,https://www.litbang.pertanian.go.id/varietas/1/,Rokan,2002
716,Tanaman Pangan,Padi Sawah Irigasi,https://www.litbang.pertanian.go.id/varietas/157/,Setail (Ketan Hitam).,2002
717,Tanaman Pangan,Padi Sawah Irigasi,https://www.litbang.pertanian.go.id/varietas/127/,Way Apo Buru,2002
718,Tanaman Pangan,Kedelai,https://www.litbang.pertanian.go.id/varietas/178/,Baluran,2002
719,Tanaman Pangan,Kacang-Kacangan,https://www.litbang.pertanian.go.id/varietas/185/,KB-5,2002
720,Hortikultura,Kentang,https://www.litbang.pertanian.go.id/varietas/181/,Amudra,2002
721,Hortikultura,Kentang,https://www.litbang.pertanian.go.id/varietas/182/,Manohara,2002
722,Hortikultura,Pisang,https://www.litbang.pertanian.go.id/varietas/106/,Ketan-01,2002
723,Hortikultura,Jeruk,https://www.litbang.pertanian.go.id/varietas/100/,Crifta-01,2002
724,Hortikultura,Jeruk,https://www.litbang.pertanian.go.id/varietas/98/,Jemari Taji,2002
725,Hortikultura,Jeruk,https://www.litbang.pertanian.go.id/varietas/101/,Jeruk Besar (Pamelo) Raja,2002
726,Hortikultura,Jeruk,https://www.litbang.pertanian.go.id/varietas/167/,Jeruk Keprok Pulau Tengah,2002
727,Hortikultura,Jeruk,https://www.litbang.pertanian.go.id/varietas/168/,Jeruk Manis Pacitan,2002
728,Hortikultura,Jeruk,https://www.litbang.pertanian.go.id/varietas/169/,Keprok Madura,2002
729,Hortikultura,Jeruk,https://www.litbang.pertanian.go.id/varietas/99/,Kripta-01,2002
730,Hortikultura,Jeruk,https://www.litbang.pertanian.go.id/varietas/105/,Pamelo Magetan,2002
731,Hortikultura,Jeruk,https://www.litbang.pertanian.go.id/varietas/102/,Pamelo Ratu,2002
732,Hortikultura,Jeruk,https://www.litbang.pertanian.go.id/varietas/104/,Pamelo Sri Nyonya,2002
733,Hortikultura,Jeruk,https://www.litbang.pertanian.go.id/varietas/103/,Pemelo Nambangan,2002
734,Hortikultura,Mangga,https://www.litbang.pertanian.go.id/varietas/170/,Dugur-141,2002
735,Hortikultura,Mangga,https://www.litbang.pertanian.go.id/varietas/109/,Gajam-315,2002
736,Hortikultura,Mangga,https://www.litbang.pertanian.go.id/varietas/951/,Gayam-315,2002
737,Hortikultura,Mangga,https://www.litbang.pertanian.go.id/varietas/114/,Ken Layung,2002
738,Hortikultura,Mangga,https://www.litbang.pertanian.go.id/varietas/111/,Keraton-119,2002
739,Hortikultura,Mangga,https://www.litbang.pertanian.go.id/varietas/172/,Kuini Anjir Batola,2002
740,Hortikultura,Mangga,https://www.litbang.pertanian.go.id/varietas/171/,Kuini Barus,2002
741,Hortikultura,Mangga,https://www.litbang.pertanian.go.id/varietas/113/,Madu Anggur-141,2002
742,Hortikultura,Mangga,https://www.litbang.pertanian.go.id/varietas/108/,Marifta-IR/01,2002
743,Hortikultura,Mangga,https://www.litbang.pertanian.go.id/varietas/112/,Sala-250,2002
744,Hortikultura,Nanas,https://www.litbang.pertanian.go.id/varietas/192/,Subang,2002
745,Hortikultura,Durian,https://www.litbang.pertanian.go.id/varietas/188/,Dahlan,2002
746,Hortikultura,Durian,https://www.litbang.pertanian.go.id/varietas/187/,Kajang,2002
747,Hortikultura,Durian,https://www.litbang.pertanian.go.id/varietas/174/,Si-Payuk,2002
748,Hortikultura,Anggrek,https://www.litbang.pertanian.go.id/varietas/196/,Anggur Merah,2002
749,Hortikultura,Anggrek,https://www.litbang.pertanian.go.id/varietas/195/,Betawi Jaya,2002
750,Hortikultura,Anggrek,https://www.litbang.pertanian.go.id/varietas/197/,Fatahilah,2002
751,Hortikultura,Mawar,https://www.litbang.pertanian.go.id/varietas/143/,Mega Putih,2002
752,Hortikultura,Mawar,https://www.litbang.pertanian.go.id/varietas/88/,Salabintana,2002
753,Hortikultura,Krisan,https://www.litbang.pertanian.go.id/varietas/82/,Cut Meutia,2002
754,Hortikultura,Krisan,https://www.litbang.pertanian.go.id/varietas/80/,Cut Nyak Dien,2002
755,Hortikultura,Krisan,https://www.litbang.pertanian.go.id/varietas/83/,Dewi Ratih,2002
756,Hortikultura,Krisan,https://www.litbang.pertanian.go.id/varietas/77/,Kartini,2002
757,Hortikultura,Krisan,https://www.litbang.pertanian.go.id/varietas/84/,Nyi Ageng Serang,2002
758,Hortikultura,Krisan,https://www.litbang.pertanian.go.id/varietas/81/,Pitaloka,2002
759,Hortikultura,Krisan,https://www.litbang.pertanian.go.id/varietas/133/,Puspita Asri,2002
760,Hortikultura,Krisan,https://www.litbang.pertanian.go.id/varietas/134/,Puspita Kencana,2002
761,Hortikultura,Krisan,https://www.litbang.pertanian.go.id/varietas/136/,Puspita Nusantara,2002
762,Hortikultura,Krisan,https://www.litbang.pertanian.go.id/varietas/135/,Puspita Pelangi,2002
763,Hortikultura,Krisan,https://www.litbang.pertanian.go.id/varietas/78/,Sakuntala,2002
764,Hortikultura,Krisan,https://www.litbang.pertanian.go.id/varietas/76/,Sekartaji,2002
765,Hortikultura,Krisan,https://www.litbang.pertanian.go.id/varietas/79/,Sri Rejeki,2002
766,Hortikultura,Gladiol,https://www.litbang.pertanian.go.id/varietas/94/,Dayang Sumbi,2002
767,Hortikultura,Lili,https://www.litbang.pertanian.go.id/varietas/95/,Klon AV-9,2002
768,Hortikultura,Sayuran,https://www.litbang.pertanian.go.id/varietas/183/,Aini,2002
769,Hortikultura,Sayuran,https://www.litbang.pertanian.go.id/varietas/184/,Gomong,2002
770,Hortikultura,Sayuran,https://www.litbang.pertanian.go.id/varietas/186/,KB-6,2002
771,Hortikultura,Apel,https://www.litbang.pertanian.go.id/varietas/118/,Magumi,2002
772,Hortikultura,Apel,https://www.litbang.pertanian.go.id/varietas/116/,Osaka,2002
773,Hortikultura,Apel,https://www.litbang.pertanian.go.id/varietas/115/,Sweet Caroline,2002
774,Hortikultura,Apel,https://www.litbang.pertanian.go.id/varietas/117/,Zoete Pappeling,2002
775,Hortikultura,Apel,https://www.litbang.pertanian.go.id/varietas/119/,Zoete Paradays,2002
776,Hortikultura,Belimbing,https://www.litbang.pertanian.go.id/varietas/194/,Simanis,2002
777,Hortikultura,Tanaman Buah-buahan,https://www.litbang.pertanian.go.id/varietas/191/,Juai,2002
778,Hortikultura,Tanaman Buah-buahan,https://www.litbang.pertanian.go.id/varietas/173/,Sukatali ST-1,2002
779,Hortikultura,Sukun,https://www.litbang.pertanian.go.id/varietas/193/,Pulo Seribu,2002
780,Hortikultura,Langsat,https://www.litbang.pertanian.go.id/varietas/189/,Kansai,2002
781,Hortikultura,Langsat,https://www.litbang.pertanian.go.id/varietas/190/,Singosari,2002
782,Tanaman Pangan,Padi,https://www.litbang.pertanian.go.id/varietas/485/,Batutegi,2001
783,Tanaman Pangan,Padi Sawah Irigasi,https://www.litbang.pertanian.go.id/varietas/9/,Cimelati,2001
784,Tanaman Pangan,Padi Sawah Irigasi,https://www.litbang.pertanian.go.id/varietas/12/,Ciujung,2001
785,Tanaman Pangan,Padi Sawah Irigasi,https://www.litbang.pertanian.go.id/varietas/8/,Sintanur,2001
786,Tanaman Pangan,Padi Gogo,https://www.litbang.pertanian.go.id/varietas/40/,Batutugi,2001
787,Tanaman Pangan,Padi Gogo,https://www.litbang.pertanian.go.id/varietas/39/,Danau Gaung,2001
788,Tanaman Pangan,Jagung,https://www.litbang.pertanian.go.id/varietas/471/,Srikandi,2001
789,Tanaman Pangan,Sorgum,https://www.litbang.pertanian.go.id/varietas/48/,Kawali,2001
790,Tanaman Pangan,Sorgum,https://www.litbang.pertanian.go.id/varietas/47/,Numbu,2001
791,Tanaman Pangan,Jagung Hibrida,https://www.litbang.pertanian.go.id/varietas/46/,Bima 1,2001
792,Tanaman Pangan,Kacang Tanah,https://www.litbang.pertanian.go.id/varietas/54/,Bima,2001
793,Tanaman Pangan,Kacang Tanah,https://www.litbang.pertanian.go.id/varietas/57/,Kancil,2001
794,Tanaman Pangan,Kacang Tanah,https://www.litbang.pertanian.go.id/varietas/55/,Sima,2001
795,Tanaman Pangan,Kacang Tanah,https://www.litbang.pertanian.go.id/varietas/56/,Turangga,2001
796,Tanaman Pangan,Kedelai,https://www.litbang.pertanian.go.id/varietas/258/,Anjasmoro,2001
797,Tanaman Pangan,Kedelai,https://www.litbang.pertanian.go.id/varietas/50/,Kaba,2001
798,Tanaman Pangan,Kedelai,https://www.litbang.pertanian.go.id/varietas/314/,Lawit,2001
799,Tanaman Pangan,Kedelai,https://www.litbang.pertanian.go.id/varietas/313/,Mahameru,2001
800,Tanaman Pangan,Kedelai,https://www.litbang.pertanian.go.id/varietas/315/,Menyapa,2001
801,Tanaman Pangan,Kedelai,https://www.litbang.pertanian.go.id/varietas/52/,Nanti,2001
802,Tanaman Pangan,Kedelai,https://www.litbang.pertanian.go.id/varietas/53/,Sibayak,2001
803,Tanaman Pangan,Kedelai,https://www.litbang.pertanian.go.id/varietas/49/,Sinabung,2001
804,Tanaman Pangan,Kedelai,https://www.litbang.pertanian.go.id/varietas/51/,Tanggamus,2001
805,Tanaman Pangan,Kacang Hijau,https://www.litbang.pertanian.go.id/varietas/58/,Murai,2001
806,Tanaman Pangan,Kacang Hijau,https://www.litbang.pertanian.go.id/varietas/59/,Perkutut,2001
807,Tanaman Pangan,Ubi Kayu,https://www.litbang.pertanian.go.id/varietas/66/,Malang 4,2001
808,Tanaman Pangan,Ubi Kayu,https://www.litbang.pertanian.go.id/varietas/65/,Malang 6,2001
809,Tanaman Pangan,Ubi Jalar,https://www.litbang.pertanian.go.id/varietas/61/,Boko,2001
810,Tanaman Pangan,Ubi Jalar,https://www.litbang.pertanian.go.id/varietas/382/,Cilembu,2001
811,Tanaman Pangan,Ubi Jalar,https://www.litbang.pertanian.go.id/varietas/63/,Jago,2001
812,Tanaman Pangan,Ubi Jalar,https://www.litbang.pertanian.go.id/varietas/64/,Kidal,2001
813,Tanaman Pangan,Ubi Jalar,https://www.litbang.pertanian.go.id/varietas/60/,Sari,2001
814,Tanaman Pangan,Ubi Jalar,https://www.litbang.pertanian.go.id/varietas/62/,Sukuh,2001
815,Hortikultura,Cabai,https://www.litbang.pertanian.go.id/varietas/19/,Tanjung 1,2001
816,Hortikultura,Kentang,https://www.litbang.pertanian.go.id/varietas/18/,Manahora,2001
817,Hortikultura,Kentang,https://www.litbang.pertanian.go.id/varietas/4/,Merbabu-17,2001
818,Hortikultura,Bawang Merah,https://www.litbang.pertanian.go.id/varietas/998/,Kramat-1,2001
819,Hortikultura,Bawang Merah,https://www.litbang.pertanian.go.id/varietas/602/,Kramat-2,2001
820,Hortikultura,Bawang Merah,https://www.litbang.pertanian.go.id/varietas/599/,Kuning,2001
821,Hortikultura,Pepaya,https://www.litbang.pertanian.go.id/varietas/6/,Sari Gading,2001
822,Hortikultura,Pepaya,https://www.litbang.pertanian.go.id/varietas/96/,Sari Rona,2001
823,Hortikultura,Durian,https://www.litbang.pertanian.go.id/varietas/97/,Namlung Petaling-06,2001
824,Hortikultura,Durian,https://www.litbang.pertanian.go.id/varietas/7/,Takada-02,2001
825,Hortikultura,Mawar,https://www.litbang.pertanian.go.id/varietas/87/,Cipanas Dwi Warna,2001
826,Hortikultura,Mawar,https://www.litbang.pertanian.go.id/varietas/92/,Fortuna,2001
827,Hortikultura,Mawar,https://www.litbang.pertanian.go.id/varietas/86/,Maribaya,2001
828,Hortikultura,Mawar,https://www.litbang.pertanian.go.id/varietas/89/,Megawati,2001
829,Hortikultura,Mawar,https://www.litbang.pertanian.go.id/varietas/85/,Pertiwi,2001
830,Hortikultura,Mawar,https://www.litbang.pertanian.go.id/varietas/90/,Putri,2001
831,Hortikultura,Mawar,https://www.litbang.pertanian.go.id/varietas/918/,Selabintana,2001
832,Hortikultura,Mawar,https://www.litbang.pertanian.go.id/varietas/93/,Shananda,2001
833,Hortikultura,Mawar,https://www.litbang.pertanian.go.id/varietas/91/,Talitha,2001
834,Hortikultura,Krisan,https://www.litbang.pertanian.go.id/varietas/36/,Chandra Kirana,2001
835,Hortikultura,Krisan,https://www.litbang.pertanian.go.id/varietas/5/,Dewi Sartika,2001
836,Hortikultura,Krisan,https://www.litbang.pertanian.go.id/varietas/34/,Larasati,2001
837,Hortikultura,Krisan,https://www.litbang.pertanian.go.id/varietas/38/,Purbasari,2001
838,Hortikultura,Krisan,https://www.litbang.pertanian.go.id/varietas/37/,Retno Dumilah,2001
839,Hortikultura,Krisan,https://www.litbang.pertanian.go.id/varietas/35/,Saraswati,2001
840,Hortikultura,Anyelir,https://www.litbang.pertanian.go.id/varietas/26/,Snazzy,2001
841,Hortikultura,Anyelir,https://www.litbang.pertanian.go.id/varietas/27/,Unique,2001
842,Tanaman Perkebunan,Jahe,https://www.litbang.pertanian.go.id/varietas/74/,Cimanggu 1,2001
843,Tanaman Perkebunan,_ Kenaf,https://www.litbang.pertanian.go.id/varietas/69/,Karangploso 11,2001
844,Tanaman Perkebunan,_ Kenaf,https://www.litbang.pertanian.go.id/varietas/70/,Karangploso 12,2001
845,Tanaman Perkebunan,_ Kenaf,https://www.litbang.pertanian.go.id/varietas/68/,Karangploso 9,2001
846,Tanaman Pangan,Padi,https://www.litbang.pertanian.go.id/varietas/502/,IR 42,2000
847,Tanaman Pangan,Padi,https://www.litbang.pertanian.go.id/varietas/503/,IR 64,2000
848,Tanaman Pangan,Padi Sawah Irigasi,https://www.litbang.pertanian.go.id/varietas/130/,Ciherang,2000
849,Tanaman Pangan,Jagung,https://www.litbang.pertanian.go.id/varietas/538/,Arjuna,2000
850,Tanaman Pangan,Jagung,https://www.litbang.pertanian.go.id/varietas/459/,Gumarang,2000
851,Tanaman Pangan,Jagung,https://www.litbang.pertanian.go.id/varietas/461/,Kresna,2000
852,Tanaman Pangan,Jagung,https://www.litbang.pertanian.go.id/varietas/460/,Lamuru,2000
853,Tanaman Pangan,Ubi Kayu,https://www.litbang.pertanian.go.id/varietas/372/,UJ-3,2000
854,Tanaman Pangan,Ubi Kayu,https://www.litbang.pertanian.go.id/varietas/373/,UJ-5,2000
855,Hortikultura,Kentang,https://www.litbang.pertanian.go.id/varietas/594/,Amoedra,2000
856,Hortikultura,Kentang,https://www.litbang.pertanian.go.id/varietas/593/,Atlantik M,2000
857,Hortikultura,Kentang,https://www.litbang.pertanian.go.id/varietas/595/,Cipanas,2000
858,Hortikultura,Kentang,https://www.litbang.pertanian.go.id/varietas/591/,Cosima,2000
859,Hortikultura,Kentang,https://www.litbang.pertanian.go.id/varietas/590/,Granola,2000
860,Hortikultura,Kentang,https://www.litbang.pertanian.go.id/varietas/592/,Segunung,2000
861,Hortikultura,Tomat,https://www.litbang.pertanian.go.id/varietas/605/,Berlian,2000
862,Hortikultura,Tomat,https://www.litbang.pertanian.go.id/varietas/608/,Intan,2000
863,Hortikultura,Tomat,https://www.litbang.pertanian.go.id/varietas/606/,Mutiara,2000
864,Hortikultura,Tomat,https://www.litbang.pertanian.go.id/varietas/607/,Ratna,2000
865,Hortikultura,Bawang Merah,https://www.litbang.pertanian.go.id/varietas/598/,Bima Brebes,2000
866,Hortikultura,Bawang Merah,https://www.litbang.pertanian.go.id/varietas/600/,Maja,2000
867,Hortikultura,Buncis,https://www.litbang.pertanian.go.id/varietas/588/,Le-02,2000
868,Hortikultura,Buncis,https://www.litbang.pertanian.go.id/varietas/589/,Le-44,2000
869,Hortikultura,Kacang Panjang,https://www.litbang.pertanian.go.id/varietas/584/,KP-1,2000
870,Hortikultura,Pisang,https://www.litbang.pertanian.go.id/varietas/553/,Ambon Hijau,2000
871,Hortikultura,Pisang,https://www.litbang.pertanian.go.id/varietas/554/,Ambon Kuning,2000
872,Hortikultura,Pisang,https://www.litbang.pertanian.go.id/varietas/555/,Barangan,2000
873,Hortikultura,Pisang,https://www.litbang.pertanian.go.id/varietas/556/,Emas Kirana,2000
874,Hortikultura,Pisang,https://www.litbang.pertanian.go.id/varietas/557/,Emas Pasaman,2000
875,Hortikultura,Pisang,https://www.litbang.pertanian.go.id/varietas/550/,Kepok Kuning,2000
876,Hortikultura,Manggis,https://www.litbang.pertanian.go.id/varietas/567/,Tembilahan,2000
877,Hortikultura,Jeruk,https://www.litbang.pertanian.go.id/varietas/991/,Keprok Batu 55,2000
878,Hortikultura,Jeruk,https://www.litbang.pertanian.go.id/varietas/578/,Keprok Tejakula,2000
879,Hortikultura,Mangga,https://www.litbang.pertanian.go.id/varietas/564/,Arumanis,2000
880,Hortikultura,Mangga,https://www.litbang.pertanian.go.id/varietas/558/,Gajam,2000
881,Hortikultura,Mangga,https://www.litbang.pertanian.go.id/varietas/561/,Golek,2000
882,Hortikultura,Mangga,https://www.litbang.pertanian.go.id/varietas/565/,Kraton 119,2000
883,Hortikultura,Mangga,https://www.litbang.pertanian.go.id/varietas/563/,Madu,2000
884,Hortikultura,Mangga,https://www.litbang.pertanian.go.id/varietas/566/,Manalagi,2000
885,Hortikultura,Mangga,https://www.litbang.pertanian.go.id/varietas/560/,Manggasari,2000
886,Hortikultura,Mangga,https://www.litbang.pertanian.go.id/varietas/562/,Sala,2000
887,Hortikultura,Duku,https://www.litbang.pertanian.go.id/varietas/575/,Palembang,2000
888,Hortikultura,Anggur,https://www.litbang.pertanian.go.id/varietas/549/,Prabu Bestari,2000
889,Hortikultura,Durian,https://www.litbang.pertanian.go.id/varietas/574/,Kani(Chanee),2000
890,Hortikultura,Durian,https://www.litbang.pertanian.go.id/varietas/569/,Matahari,2000
891,Hortikultura,Durian,https://www.litbang.pertanian.go.id/varietas/571/,Namlung Petaling,2000
892,Hortikultura,Durian,https://www.litbang.pertanian.go.id/varietas/573/,Otong(Monthong),2000
893,Hortikultura,Durian,https://www.litbang.pertanian.go.id/varietas/570/,Sitokong,2000
894,Hortikultura,Durian,https://www.litbang.pertanian.go.id/varietas/572/,Sunan,2000
895,Hortikultura,Anggrek,https://www.litbang.pertanian.go.id/varietas/659/,Ani B. Yudhoyono,2000
896,Hortikultura,Apel,https://www.litbang.pertanian.go.id/varietas/581/,Anna,2000
897,Hortikultura,Apel,https://www.litbang.pertanian.go.id/varietas/582/,Manalagi,2000
898,Hortikultura,Apel,https://www.litbang.pertanian.go.id/varietas/580/,Rome Beauty,2000
899,Tanaman Perkebunan,Lada,https://www.litbang.pertanian.go.id/varietas/611/,Natar 1,2000
900,Tanaman Perkebunan,Lada,https://www.litbang.pertanian.go.id/varietas/612/,Natar 2,2000
901,Tanaman Perkebunan,Lada,https://www.litbang.pertanian.go.id/varietas/613/,Petaling 1,2000
902,Tanaman Perkebunan,Lada,https://www.litbang.pertanian.go.id/varietas/614/,Petaling 2,2000
903,Tanaman Perkebunan,Minyak Nilam,https://www.litbang.pertanian.go.id/varietas/631/,Lhokseumawe,2000
904,Tanaman Perkebunan,Minyak Nilam,https://www.litbang.pertanian.go.id/varietas/629/,Sidikalang,2000
905,Tanaman Perkebunan,Minyak Nilam,https://www.litbang.pertanian.go.id/varietas/630/,Tapak Tuan,2000
906,Tanaman Perkebunan,Kelapa,https://www.litbang.pertanian.go.id/varietas/620/,Genjah Salak (GSK),2000
907,Tanaman Perkebunan,Kelapa,https://www.litbang.pertanian.go.id/varietas/619/,Mapanget,2000
908,Tanaman Perkebunan,Wijen,https://www.litbang.pertanian.go.id/varietas/639/,Sumberejo 1 (Sbr 1),2000
909,Tanaman Perkebunan,Sereh Wangi,https://www.litbang.pertanian.go.id/varietas/632/,G1,2000
910,Tanaman Pangan,Gandum,https://www.litbang.pertanian.go.id/varietas/539/,Dewata,2000
911,Tanaman Pangan,Gandum,https://www.litbang.pertanian.go.id/varietas/540/,Nias,2000
912,Tanaman Pangan,Gandum,https://www.litbang.pertanian.go.id/varietas/541/,Selayar,2000
913,Hortikultura,_ Bayam,https://www.litbang.pertanian.go.id/varietas/610/,Giti Hijau,2000
914,Hortikultura,_ Bayam,https://www.litbang.pertanian.go.id/varietas/609/,Giti Merah,2000
915,Hortikultura,_ Lengkeng,https://www.litbang.pertanian.go.id/varietas/667/,Batu,2000
916,Hortikultura,_ Lengkeng,https://www.litbang.pertanian.go.id/varietas/668/,Mutiara Poncokusumo,2000
917,Hortikultura,_ Lengkeng,https://www.litbang.pertanian.go.id/varietas/669/,Selarong,2000
918,Hortikultura,_ Sawo,https://www.litbang.pertanian.go.id/varietas/576/,Sumpur,2000
919,Hortikultura,_ Kangkung,https://www.litbang.pertanian.go.id/varietas/583/,Sutera,2000
920,Tanaman Perkebunan,_ Kencur,https://www.litbang.pertanian.go.id/varietas/625/,Galesia 1,2000
921,Tanaman Perkebunan,_ Kencur,https://www.litbang.pertanian.go.id/varietas/626/,Galesia 2,2000
922,Tanaman Perkebunan,_ Kencur,https://www.litbang.pertanian.go.id/varietas/627/,Galesia 3,2000
923,Tanaman Perkebunan,_ Kenaf,https://www.litbang.pertanian.go.id/varietas/640/,KR 11,2000
924,Tanaman Perkebunan,Jarak Kepyar,https://www.litbang.pertanian.go.id/varietas/628/,Asb 81,2000
925,Tanaman Pangan,Jagung Hibrida,https://www.litbang.pertanian.go.id/varietas/45/,Semar 10,1999
926,Tanaman Pangan,Jagung Hibrida,https://www.litbang.pertanian.go.id/varietas/1338/,Semar 4,1999
927,Tanaman Pangan,Jagung Hibrida,https://www.litbang.pertanian.go.id/varietas/1339/,Semar 5,1999
928,Tanaman Pangan,Jagung Hibrida,https://www.litbang.pertanian.go.id/varietas/1340/,Semar 6,1999
929,Tanaman Pangan,Jagung Hibrida,https://www.litbang.pertanian.go.id/varietas/1341/,Semar 7,1999
930,Tanaman Pangan,Jagung Hibrida,https://www.litbang.pertanian.go.id/varietas/1342/,Semar 8,1999
931,Tanaman Pangan,Jagung Hibrida,https://www.litbang.pertanian.go.id/varietas/464/,Semar 9,1999
932,Tanaman Pangan,Kedelai,https://www.litbang.pertanian.go.id/varietas/257/,Burangrang,1999
933,Tanaman Pangan,Kedelai,https://www.litbang.pertanian.go.id/varietas/294/,Dieng,1999
934,Tanaman Pangan,Kedelai,https://www.litbang.pertanian.go.id/varietas/312/,Manglayang,1999
935,Hortikultura,Tomat,https://www.litbang.pertanian.go.id/varietas/22/,Mirah,1999
936,Hortikultura,Tomat,https://www.litbang.pertanian.go.id/varietas/23/,Opal,1999
937,Hortikultura,Tomat,https://www.litbang.pertanian.go.id/varietas/24/,Zamrud,1999
938,Hortikultura,Buncis,https://www.litbang.pertanian.go.id/varietas/28/,Horti-1,1999
939,Hortikultura,Buncis,https://www.litbang.pertanian.go.id/varietas/29/,Horti-2,1999
940,Hortikultura,Buncis,https://www.litbang.pertanian.go.id/varietas/30/,Horti-3,1999
941,Hortikultura,Mentimun,https://www.litbang.pertanian.go.id/varietas/33/,Mars,1999
942,Hortikultura,Mentimun,https://www.litbang.pertanian.go.id/varietas/32/,Pluto,1999
943,Hortikultura,Mentimun,https://www.litbang.pertanian.go.id/varietas/31/,Saturnus,1999
944,Tanaman Pangan,Kacang Tanah,https://www.litbang.pertanian.go.id/varietas/266/,Jerapah,1998
945,Tanaman Pangan,Kacang Tanah,https://www.litbang.pertanian.go.id/varietas/338/,Panter,1998
946,Tanaman Pangan,Kacang Tanah,https://www.litbang.pertanian.go.id/varietas/268/,Singa,1998
947,Tanaman Pangan,Kedelai,https://www.litbang.pertanian.go.id/varietas/309/,Argo Mulyo,1998
948,Tanaman Pangan,Kedelai,https://www.litbang.pertanian.go.id/varietas/307/,Bromo,1998
949,Tanaman Pangan,Kedelai,https://www.litbang.pertanian.go.id/varietas/306/,Kawi,1998
950,Tanaman Pangan,Kedelai,https://www.litbang.pertanian.go.id/varietas/308/,Leuser,1998
951,Tanaman Pangan,Kedelai,https://www.litbang.pertanian.go.id/varietas/310/,Meratus,1998
952,Tanaman Pangan,Kacang Hijau,https://www.litbang.pertanian.go.id/varietas/353/,Kenari,1998
953,Tanaman Pangan,Ubi Kayu,https://www.litbang.pertanian.go.id/varietas/371/,Darul Hidayah,1998
954,Tanaman Pangan,Ubi Jalar,https://www.litbang.pertanian.go.id/varietas/380/,Cangkuang,1998
955,Tanaman Pangan,Ubi Jalar,https://www.litbang.pertanian.go.id/varietas/381/,Sewu,1998
956,Tanaman Pangan,Kacang Tunggak,https://www.litbang.pertanian.go.id/varietas/362/,KT-6,1998
957,Tanaman Pangan,Kacang Tunggak,https://www.litbang.pertanian.go.id/varietas/363/,KT-7,1998
958,Tanaman Pangan,Kacang Tunggak,https://www.litbang.pertanian.go.id/varietas/364/,KT-8,1998
959,Tanaman Pangan,Kacang Tunggak,https://www.litbang.pertanian.go.id/varietas/365/,KT-9,1998
960,Hortikultura,Anyelir,https://www.litbang.pertanian.go.id/varietas/25/,Top Beauty,1998
961,Tanaman Perkebunan,Tembakau,https://www.litbang.pertanian.go.id/varietas/1259/,Prancak 95,1997
962,Tanaman Perkebunan,Wijen,https://www.litbang.pertanian.go.id/varietas/1298/,Sumberejo 2 (Sbr 2),1997
963,Tanaman Pangan,Jagung,https://www.litbang.pertanian.go.id/varietas/458/,Lagaligo,1996
964,Tanaman Pangan,Jagung Hibrida,https://www.litbang.pertanian.go.id/varietas/1337/,Semar 3,1996
965,Tanaman Pangan,Padi Sawah Irigasi,https://www.litbang.pertanian.go.id/varietas/120/,Memberamo,1995
966,Tanaman Pangan,Jagung,https://www.litbang.pertanian.go.id/varietas/457/,Bisma,1995
967,Tanaman Pangan,Jagung,https://www.litbang.pertanian.go.id/varietas/456/,Wisanggeni,1995
968,Tanaman Pangan,Kedelai,https://www.litbang.pertanian.go.id/varietas/305/,Pangrango,1995
969,Tanaman Pangan,Kedelai,https://www.litbang.pertanian.go.id/varietas/303/,Sindoro,1995
970,Tanaman Pangan,Kedelai,https://www.litbang.pertanian.go.id/varietas/304/,Slamet,1995
971,Tanaman Pangan,Ubi Jalar,https://www.litbang.pertanian.go.id/varietas/379/,Muara takus,1995
972,Tanaman Pangan,Kacang Hijau,https://www.litbang.pertanian.go.id/varietas/349/,Parkit,1993
973,Tanaman Pangan,Kacang Tunggak,https://www.litbang.pertanian.go.id/varietas/358/,KT-2,1993
974,Tanaman Pangan,Kacang Tunggak,https://www.litbang.pertanian.go.id/varietas/359/,KT-3,1993
975,Tanaman Pangan,Kacang Tunggak,https://www.litbang.pertanian.go.id/varietas/360/,KT-4,1993
976,Tanaman Pangan,Kacang Tunggak,https://www.litbang.pertanian.go.id/varietas/361/,KT-5,1993
977,Tanaman Pangan,Kacang Tanah,https://www.litbang.pertanian.go.id/varietas/336/,Simpai,1992
978,Tanaman Pangan,Kacang Tanah,https://www.litbang.pertanian.go.id/varietas/335/,Trenggiling,1992
979,Tanaman Pangan,Kacang Tanah,https://www.litbang.pertanian.go.id/varietas/337/,Zebra,1992
980,Tanaman Pangan,Kedelai,https://www.litbang.pertanian.go.id/varietas/299/,Cikuray,1992
981,Tanaman Pangan,Kedelai,https://www.litbang.pertanian.go.id/varietas/302/,Kipas putih,1992
982,Tanaman Pangan,Kedelai,https://www.litbang.pertanian.go.id/varietas/297/,Krakatau,1992
983,Tanaman Pangan,Kedelai,https://www.litbang.pertanian.go.id/varietas/301/,Malabar,1992
984,Tanaman Pangan,Kedelai,https://www.litbang.pertanian.go.id/varietas/300/,Singgalang,1992
985,Tanaman Pangan,Kedelai,https://www.litbang.pertanian.go.id/varietas/298/,Tampomas,1992
986,Tanaman Pangan,Kacang Hijau,https://www.litbang.pertanian.go.id/varietas/261/,Sriti,1992
987,Tanaman Pangan,Ubi Kayu,https://www.litbang.pertanian.go.id/varietas/369/,Malang 1,1992
988,Tanaman Pangan,Ubi Kayu,https://www.litbang.pertanian.go.id/varietas/370/,Malang 2,1992
989,Tanaman Pangan,Kacang Tanah,https://www.litbang.pertanian.go.id/varietas/332/,Badak,1991
990,Tanaman Pangan,Kacang Tanah,https://www.litbang.pertanian.go.id/varietas/334/,Biawak,1991
991,Tanaman Pangan,Kacang Tanah,https://www.litbang.pertanian.go.id/varietas/333/,Komodo,1991
992,Tanaman Pangan,Kacang Tanah,https://www.litbang.pertanian.go.id/varietas/331/,Mahesa,1991
993,Tanaman Pangan,Kedelai,https://www.litbang.pertanian.go.id/varietas/296/,Jayawijaya,1991
994,Tanaman Pangan,Kedelai,https://www.litbang.pertanian.go.id/varietas/293/,Lawu,1991
995,Tanaman Pangan,Kedelai,https://www.litbang.pertanian.go.id/varietas/295/,Tengger,1991
996,Tanaman Pangan,Kacang Hijau,https://www.litbang.pertanian.go.id/varietas/350/,Camar,1991
997,Tanaman Pangan,Kacang Hijau,https://www.litbang.pertanian.go.id/varietas/351/,Merpati,1991
998,Tanaman Pangan,Ubi Jalar,https://www.litbang.pertanian.go.id/varietas/378/,Kalasan,1991
999,Tanaman Pangan,Kacang Tanah,https://www.litbang.pertanian.go.id/varietas/329/,Jepara,1989
1000,Tanaman Pangan,Kacang Tanah,https://www.litbang.pertanian.go.id/varietas/330/,Landak,1989
1001,Tanaman Pangan,Kedelai,https://www.litbang.pertanian.go.id/varietas/290/,Lompobatang,1989
1002,Tanaman Pangan,Kedelai,https://www.litbang.pertanian.go.id/varietas/292/,Lumajang bewok,1989
1003,Tanaman Pangan,Kedelai,https://www.litbang.pertanian.go.id/varietas/291/,Rinjani,1989
1004,Tanaman Pangan,Kedelai,https://www.litbang.pertanian.go.id/varietas/289/,Tambora,1989
1005,Tanaman Pangan,Ubi Jalar,https://www.litbang.pertanian.go.id/varietas/377/,Mendut,1989
1006,Tanaman Pangan,Kedelai,https://www.litbang.pertanian.go.id/varietas/288/,Petek,1988
1007,Tanaman Pangan,Kacang Tanah,https://www.litbang.pertanian.go.id/varietas/265/,Kelinci,1987
1008,Tanaman Pangan,Kedelai,https://www.litbang.pertanian.go.id/varietas/287/,Muria,1987
1009,Tanaman Pangan,Kedelai,https://www.litbang.pertanian.go.id/varietas/286/,Tidar,1987
1010,Tanaman Pangan,Ubi Kayu,https://www.litbang.pertanian.go.id/varietas/368/,Adira 4,1987
1011,Tanaman Pangan,Kedelai,https://www.litbang.pertanian.go.id/varietas/285/,Merbabu,1986
1012,Tanaman Pangan,Kedelai,https://www.litbang.pertanian.go.id/varietas/284/,Raung,1986
1013,Tanaman Pangan,Kedelai,https://www.litbang.pertanian.go.id/varietas/283/,Kerinci,1985
1014,Tanaman Pangan,Kacang Hijau,https://www.litbang.pertanian.go.id/varietas/348/,Gelatik,1985
1015,Tanaman Pangan,Kacang Hijau,https://www.litbang.pertanian.go.id/varietas/1328/,Walet,1985
1016,Tanaman Pangan,Kedelai,https://www.litbang.pertanian.go.id/varietas/282/,Dempo,1984
1017,Tanaman Pangan,Kacang Tanah,https://www.litbang.pertanian.go.id/varietas/325/,Anoa,1983
1018,Tanaman Pangan,Kacang Tanah,https://www.litbang.pertanian.go.id/varietas/327/,Pelanduk,1983
1019,Tanaman Pangan,Kacang Tanah,https://www.litbang.pertanian.go.id/varietas/324/,Rusa,1983
1020,Tanaman Pangan,Kacang Tanah,https://www.litbang.pertanian.go.id/varietas/326/,Tapir,1983
1021,Tanaman Pangan,Kacang Tanah,https://www.litbang.pertanian.go.id/varietas/328/,Tupai,1983
1022,Tanaman Pangan,Kedelai,https://www.litbang.pertanian.go.id/varietas/281/,Wilis,1983
1023,Tanaman Pangan,Kacang Hijau,https://www.litbang.pertanian.go.id/varietas/262/,Betet,1983
1024,Tanaman Pangan,Kacang Hijau,https://www.litbang.pertanian.go.id/varietas/345/,Manyar,1983
1025,Tanaman Pangan,Kacang Hijau,https://www.litbang.pertanian.go.id/varietas/344/,Nuri,1983
1026,Tanaman Pangan,Kedelai,https://www.litbang.pertanian.go.id/varietas/278/,Guntur,1982
1027,Tanaman Pangan,Kedelai,https://www.litbang.pertanian.go.id/varietas/279/,Lokon,1982
1028,Tanaman Pangan,Ubi Jalar,https://www.litbang.pertanian.go.id/varietas/375/,Borobudur,1982
1029,Tanaman Pangan,Ubi Jalar,https://www.litbang.pertanian.go.id/varietas/376/,Prambanan,1982
1030,Tanaman Pangan,Kedelai,https://www.litbang.pertanian.go.id/varietas/277/,Galunggung,1981
1031,Tanaman Pangan,Kacang Hijau,https://www.litbang.pertanian.go.id/varietas/343/,Merak,1981
1032,Tanaman Pangan,Kacang Hijau,https://www.litbang.pertanian.go.id/varietas/342/,No. 129,1979
1033,Tanaman Pangan,Ubi Kayu,https://www.litbang.pertanian.go.id/varietas/366/,Adira 1,1978
1034,Tanaman Pangan,Ubi Kayu,https://www.litbang.pertanian.go.id/varietas/367/,Adira 2,1978
1035,Tanaman Pangan,Ubi Jalar,https://www.litbang.pertanian.go.id/varietas/374/,Daya,1977
1036,Tanaman Pangan,Kedelai,https://www.litbang.pertanian.go.id/varietas/276/,Orba,1974
1037,Tanaman Pangan,Kedelai,https://www.litbang.pertanian.go.id/varietas/275/,Davros,1965
1038,Tanaman Pangan,Kedelai,https://www.litbang.pertanian.go.id/varietas/274/,Shakti,1965
1039,Tanaman Pangan,Kacang Hijau,https://www.litbang.pertanian.go.id/varietas/341/,Bhakti,1965
1040,Tanaman Pangan,Kacang Hijau,https://www.litbang.pertanian.go.id/varietas/1329/,Arta Ijo,1954
1041,Tanaman Pangan,Kacang Tanah,https://www.litbang.pertanian.go.id/varietas/322/,Banteng,1950
1042,Tanaman Pangan,Kacang Tanah,https://www.litbang.pertanian.go.id/varietas/320/,Gajah,1950
1043,Tanaman Pangan,Kacang Tanah,https://www.litbang.pertanian.go.id/varietas/323/,Kidang,1950
1044,Tanaman Pangan,Kacang Tanah,https://www.litbang.pertanian.go.id/varietas/321/,Macan,1950
1045,Tanaman Pangan,Kedelai,https://www.litbang.pertanian.go.id/varietas/273/,Merapi,1945
1046,Tanaman Pangan,Kedelai,https://www.litbang.pertanian.go.id/varietas/270/,No.27,1945
1047,Tanaman Pangan,Kedelai,https://www.litbang.pertanian.go.id/varietas/1327/,No 29,1945
1048,Tanaman Pangan,Kedelai,https://www.litbang.pertanian.go.id/varietas/269/,Otau,1945
1049,Tanaman Pangan,Kedelai,https://www.litbang.pertanian.go.id/varietas/271/,Ringgit,1945
1050,Tanaman Pangan,Kedelai,https://www.litbang.pertanian.go.id/varietas/272/,Sumbing,1945
1051,Tanaman Pangan,Kacang Hijau,https://www.litbang.pertanian.go.id/varietas/339/,Siwalik,1945
